Fecha,SKU,Producto,Categoria,Region,Estado_SKU,Participacion_Region,Pronostico_Base_Region,Pronostico_Recomendado_Region,Pronostico_Protegido_Region,Pronostico_Final_Region
2026-01-01,SKU-1012,Jugo Naranja 1L,Bebidas,Centro,Activo,0.5041430700447094,2976.986716595297,2976.986716595297,3215.145653922921,2976.986716595297
2026-01-01,SKU-1012,Jugo Naranja 1L,Bebidas,Norte,Activo,0.24673621460506706,1456.9880595941745,1456.9880595941745,1573.5471043617088,1456.9880595941745
2026-01-01,SKU-1012,Jugo Naranja 1L,Bebidas,Sur,Activo,0.24912071535022354,1471.068640020308,1471.068640020308,1588.754131221933,1471.068640020308
2026-01-01,SKU-1013,Jugo Manzana 1L,Bebidas,Centro,Activo,0.5085355236761422,3726.2769327486503,4110.798272069835,4439.6621338354225,4110.798272069835
2026-01-01,SKU-1013,Jugo Manzana 1L,Bebidas,Norte,Activo,0.24100079488247095,1765.9252125649912,1948.154268572284,2104.006610058067,1948.154268572284
2026-01-01,SKU-1013,Jugo Manzana 1L,Bebidas,Sur,Activo,0.25046368144138687,1835.2641953105929,2024.6484679036914,2186.620345335987,2024.6484679036914
2026-01-01,SKU-1014,Agua Saborizada 500ml,Bebidas,Centro,Activo,0.5435844982384361,2975.974641180293,3128.2390939936413,3378.498221513133,3128.2390939936413
2026-01-01,SKU-1014,Agua Saborizada 500ml,Bebidas,Norte,Activo,0.2213319695419934,1211.7312593975792,1273.7289641548437,1375.6272812872312,1273.7289641548437
2026-01-01,SKU-1014,Agua Saborizada 500ml,Bebidas,Sur,Activo,0.2350835322195704,1287.017258055914,1352.866938307725,1461.0962933723429,1352.866938307725
2026-01-01,SKU-1015,Bebida Isotonica 600ml,Bebidas,Centro,Activo,0.4828136739293764,3543.853551051521,3543.853551051521,3827.361835135643,3543.853551051521
2026-01-01,SKU-1015,Bebida Isotonica 600ml,Bebidas,Norte,Activo,0.2537565740045079,1862.5738756936805,1862.5738756936805,2011.579785749175,1862.5738756936805
2026-01-01,SKU-1015,Bebida Isotonica 600ml,Bebidas,Sur,Activo,0.2634297520661157,1933.5750263955488,1933.5750263955488,2088.261028507193,1933.5750263955488
2026-01-01,SKU-1016,Te Helado 1.5L,Bebidas,Centro,Activo,0.5086024750980984,1107.267145763661,1107.267145763661,1195.848517424754,1107.267145763661
2026-01-01,SKU-1016,Te Helado 1.5L,Bebidas,Norte,Activo,0.2247207968608512,489.234652831481,489.234652831481,528.3734250579996,489.234652831481
2026-01-01,SKU-1016,Te Helado 1.5L,Bebidas,Sur,Activo,0.2666767280410504,580.5759782090174,580.5759782090174,627.022056465739,580.5759782090174
2026-01-01,SKU-1017,Nectar Durazno 1L,Bebidas,Centro,Activo,0.4797843665768194,2119.858091461223,2275.714355535063,2457.771503977868,2275.714355535063
2026-01-01,SKU-1017,Nectar Durazno 1L,Bebidas,Norte,Activo,0.2589786552050703,1144.2598717195033,1228.3881770311493,1326.6592311936413,1228.3881770311493
2026-01-01,SKU-1017,Nectar Durazno 1L,Bebidas,Sur,Activo,0.2612369782181103,1154.23794655025,1239.099860150127,1338.2278489621372,1239.099860150127
2026-01-01,SKU-1018,Arroz Grano Largo 1kg,Despensa,Centro,Activo,0.516979219462747,7675.47274870731,7675.47274870731,8289.510568603895,7675.47274870731
2026-01-01,SKU-1018,Arroz Grano Largo 1kg,Despensa,Norte,Activo,0.23541726349192357,3495.186503599326,3495.186503599326,3774.8014238872724,3495.186503599326
2026-01-01,SKU-1018,Arroz Grano Largo 1kg,Despensa,Sur,Activo,0.24760351704532935,3676.1130351438765,3676.1130351438765,3970.2020779553864,3676.1130351438765
2026-01-01,SKU-1019,Fideos Spaghetti 400g,Despensa,Centro,Activo,0.5082298585041871,2451.6481709326135,2451.6481709326135,2647.780024607223,2451.6481709326135
2026-01-01,SKU-1019,Fideos Spaghetti 400g,Despensa,Norte,Activo,0.2528154779093272,1219.555666847445,1219.555666847445,1317.1201201952406,1219.555666847445
2026-01-01,SKU-1019,Fideos Spaghetti 400g,Despensa,Sur,Activo,0.2389546635864857,1152.6925349129192,1152.6925349129192,1244.9079377059527,1152.6925349129192
2026-01-01,SKU-1020,Aceite Vegetal 900ml,Despensa,Centro,Activo,0.5684268848825811,4734.651272458337,4987.735747358426,5386.754607147101,4987.735747358426
2026-01-01,SKU-1020,Aceite Vegetal 900ml,Despensa,Norte,Activo,0.22154029748966458,1845.2963420738126,1943.9341992029017,2099.448935139134,1943.9341992029017
2026-01-01,SKU-1020,Aceite Vegetal 900ml,Despensa,Sur,Activo,0.21003281762775433,1749.4460126471236,1842.9603181361867,1990.397143587082,1842.9603181361867
2026-01-01,SKU-1021,Azucar 1kg,Despensa,Centro,Pausado,0.4971126607103944,0.0,0.0,0.0,0.0
2026-01-01,SKU-1021,Azucar 1kg,Despensa,Norte,Pausado,0.25250599259097845,0.0,0.0,0.0,0.0
2026-01-01,SKU-1021,Azucar 1kg,Despensa,Sur,Pausado,0.25038134669862716,0.0,0.0,0.0,0.0
2026-01-01,SKU-1022,Harina 1kg,Despensa,Centro,Activo,0.46672996859250604,5800.730643614804,6430.771513783006,6945.233234885648,6430.771513783006
2026-01-01,SKU-1022,Harina 1kg,Despensa,Norte,Activo,0.2510408297421664,3120.0487045546292,3458.929842390015,3735.6442297812164,3458.929842390015
2026-01-01,SKU-1022,Harina 1kg,Despensa,Sur,Activo,0.2822292016653276,3507.671863368952,3888.6543238274708,4199.746669733669,3888.6543238274708
2026-01-01,SKU-1023,Salsa Tomate 200g,Despensa,Centro,Activo,0.5161487067173075,6314.065573023372,6591.935206799091,7119.290023343019,6591.935206799091
2026-01-01,SKU-1023,Salsa Tomate 200g,Despensa,Norte,Activo,0.23589587203016274,2885.72263190761,3012.717621369292,3253.735031078835,3012.717621369292
2026-01-01,SKU-1023,Salsa Tomate 200g,Despensa,Sur,Activo,0.24795542125252973,3033.247528473576,3166.734799098242,3420.073583026102,3166.734799098242
2026-01-01,SKU-1024,Atun Lomitos 160g,Despensa,Centro,Activo,0.5096003857171219,6136.204786098205,6136.204786098205,6627.101168986062,6136.204786098205
2026-01-01,SKU-1024,Atun Lomitos 160g,Despensa,Norte,Activo,0.22663717065146488,2728.985554636618,2728.985554636618,2947.304399007548,2728.985554636618
2026-01-01,SKU-1024,Atun Lomitos 160g,Despensa,Sur,Activo,0.26376244363141327,3176.018728334445,3176.018728334445,3430.100226601201,3176.018728334445
2026-01-01,SKU-1025,Legumbres Mix 500g,Despensa,Centro,Activo,0.4734133790737564,2285.155352560286,2472.9557595754313,2670.792220341466,2472.9557595754313
2026-01-01,SKU-1025,Legumbres Mix 500g,Despensa,Norte,Activo,0.24928530588907946,1203.294364391648,1302.1844337860966,1406.3591884889845,1302.1844337860966
2026-01-01,SKU-1025,Legumbres Mix 500g,Despensa,Sur,Activo,0.2773013150371641,1338.526987912728,1448.5308495097636,1564.4133174705446,1448.5308495097636
2026-01-01,SKU-1007,Galleta Avena 180g,Galletas,Centro,Activo,0.451494712299109,5579.586452749292,6129.403458660303,6619.755735353127,6129.403458660303
2026-01-01,SKU-1007,Galleta Avena 180g,Galletas,Norte,Activo,0.22302717406389652,2756.1771270036006,3027.7730720727614,3269.9949178385828,3027.7730720727614
2026-01-01,SKU-1007,Galleta Avena 180g,Galletas,Sur,Activo,0.32547811363699447,4022.2691961722735,4418.6268877567145,4772.117038777252,4418.6268877567145
2026-01-01,SKU-1008,Galleta Chocolate 200g,Galletas,Centro,Activo,0.5505964530321585,4789.335608655946,4789.335608655946,5172.482457348422,4789.335608655946
2026-01-01,SKU-1008,Galleta Chocolate 200g,Galletas,Norte,Activo,0.21758062321404273,1892.6141292299676,1892.6141292299676,2044.0232595683651,1892.6141292299676
2026-01-01,SKU-1008,Galleta Chocolate 200g,Galletas,Sur,Activo,0.2318229237537987,2016.5000655606345,2016.5000655606345,2177.8200708054856,2016.5000655606345
2026-01-01,SKU-1009,Galleta Salada 150g,Galletas,Centro,Activo,0.5492872537527886,4321.283408475863,4321.283408475863,4666.986081153933,4321.283408475863
2026-01-01,SKU-1009,Galleta Salada 150g,Galletas,Norte,Activo,0.22815442205165046,1794.9076951017662,1794.9076951017662,1938.5003107099076,1794.9076951017662
2026-01-01,SKU-1009,Galleta Salada 150g,Galletas,Sur,Activo,0.22255832419556093,1750.882779809247,1750.882779809247,1890.953402193987,1750.882779809247
2026-01-01,SKU-1010,Barra Cereal Pack 6,Galletas,Centro,Activo,0.5383152819746715,4622.831657999674,4622.831657999674,4992.658190639648,4622.831657999674
2026-01-01,SKU-1010,Barra Cereal Pack 6,Galletas,Norte,Activo,0.22581740399959258,1939.2275848221907,1939.2275848221907,2094.365791607966,1939.2275848221907
2026-01-01,SKU-1010,Barra Cereal Pack 6,Galletas,Sur,Activo,0.2358673140257359,2025.53210521121,2025.53210521121,2187.574673628107,2025.53210521121
2026-01-01,SKU-1011,Snack Mix 120g,Galletas,Centro,Activo,0.5129523881556556,5073.111675288442,5073.111675288442,5478.960609311518,5073.111675288442
2026-01-01,SKU-1011,Snack Mix 120g,Galletas,Norte,Activo,0.23408841659418372,2315.1401703063593,2315.1401703063593,2500.351383930868,2315.1401703063593
2026-01-01,SKU-1011,Snack Mix 120g,Galletas,Sur,Activo,0.2529591952501607,2501.7726331468875,2501.7726331468875,2701.914443798639,2501.7726331468875
2026-01-01,SKU-1001,Yogurt Natural 1L,Lacteos,Centro,Activo,0.5085748550869479,3963.005567354038,3963.005567354038,4280.046012742361,3963.005567354038
2026-01-01,SKU-1001,Yogurt Natural 1L,Lacteos,Norte,Activo,0.24177493503897662,1884.000760207296,1884.000760207296,2034.7208210238798,1884.000760207296
2026-01-01,SKU-1001,Yogurt Natural 1L,Lacteos,Sur,Activo,0.24965020987407555,1945.3678484614024,1945.3678484614024,2100.997276338315,1945.3678484614024
2026-01-01,SKU-1002,Yogurt Frutado Pack 4,Lacteos,Centro,Activo,0.5371158936586489,3153.454196314626,3153.454196314626,3405.730532019796,3153.454196314626
2026-01-01,SKU-1002,Yogurt Frutado Pack 4,Lacteos,Norte,Activo,0.22119921740131201,1298.6798725769684,1298.6798725769684,1402.5742623831259,1298.6798725769684
2026-01-01,SKU-1002,Yogurt Frutado Pack 4,Lacteos,Sur,Activo,0.24168488894003912,1418.9530345533992,1418.9530345533992,1532.4692773176712,1418.9530345533992
2026-01-01,SKU-1003,Leche Entera 1L,Lacteos,Centro,Activo,0.47370363535707694,1716.4754801905997,1862.1830297393758,2011.157672118526,1862.1830297393758
2026-01-01,SKU-1003,Leche Entera 1L,Lacteos,Norte,Activo,0.25281417235652337,916.0776812859843,993.8413520619187,1073.3486602268722,993.8413520619187
2026-01-01,SKU-1003,Leche Entera 1L,Lacteos,Sur,Activo,0.2734821922863997,990.9687034057143,1075.08969617209,1161.0968718658573,1075.08969617209
2026-01-01,SKU-1004,Leche Descremada 1L,Lacteos,Centro,Activo,0.5050950151473423,1878.0449275585981,1878.0449275585981,2028.288521763286,1878.0449275585981
2026-01-01,SKU-1004,Leche Descremada 1L,Lacteos,Norte,Activo,0.2556687781143854,950.6279758725365,950.6279758725365,1026.6782139423394,950.6279758725365
2026-01-01,SKU-1004,Leche Descremada 1L,Lacteos,Sur,Activo,0.23923620673827228,889.5283680875511,889.5283680875511,960.6906375345553,889.5283680875511
2026-01-01,SKU-1005,Queso Untable 250g,Lacteos,Centro,Activo,0.5087529976019185,1508.7965370752777,1508.7965370752777,1629.5002600413002,1508.7965370752777
2026-01-01,SKU-1005,Queso Untable 250g,Lacteos,Norte,Activo,0.2460431654676259,729.6843021632028,729.6843021632028,788.0590463362591,729.6843021632028
2026-01-01,SKU-1005,Queso Untable 250g,Lacteos,Sur,Activo,0.24520383693045564,727.1951256938353,727.1951256938353,785.3707357493421,727.1951256938353
2026-01-01,SKU-1006,Manjar 400g,Lacteos,Centro,Activo,0.5409395973154363,1923.0310666601804,1923.0310666601804,2076.873551992995,1923.0310666601804
2026-01-01,SKU-1006,Manjar 400g,Lacteos,Norte,Activo,0.21409395973154363,761.1003849436694,761.1003849436694,821.988415739163,761.1003849436694
2026-01-01,SKU-1006,Manjar 400g,Lacteos,Sur,Activo,0.24496644295302014,870.8515376314713,870.8515376314713,940.5196606419889,870.8515376314713
2026-02-01,SKU-1012,Jugo Naranja 1L,Bebidas,Centro,Activo,0.49867050742300023,3148.879103008941,3148.879103008941,3400.7894312496564,3148.879103008941
2026-02-01,SKU-1012,Jugo Naranja 1L,Bebidas,Norte,Activo,0.2473964103700421,1562.1966311972817,1562.1966311972817,1687.1723616930644,1562.1966311972817
2026-02-01,SKU-1012,Jugo Naranja 1L,Bebidas,Sur,Activo,0.2539330822069577,1603.472762518661,1603.472762518661,1731.7505835201541,1603.472762518661
2026-02-01,SKU-1013,Jugo Manzana 1L,Bebidas,Centro,Activo,0.539092937927904,3916.1760534492096,3916.1760534492096,4229.470137725147,3916.1760534492096
2026-02-01,SKU-1013,Jugo Manzana 1L,Bebidas,Norte,Activo,0.22146990959639898,1608.8416217334495,1608.8416217334495,1737.5489514721257,1608.8416217334495
2026-02-01,SKU-1013,Jugo Manzana 1L,Bebidas,Sur,Activo,0.23943715247569694,1739.3625047946603,1739.3625047946603,1878.5115051782334,1739.3625047946603
2026-02-01,SKU-1014,Agua Saborizada 500ml,Bebidas,Centro,Activo,0.5108951406649617,3113.96451983808,3352.9514875690666,3621.187606574592,3352.9514875690666
2026-02-01,SKU-1014,Agua Saborizada 500ml,Bebidas,Norte,Activo,0.2614322250639386,1593.4594173901105,1715.7524081863733,1853.012600841283,1715.7524081863733
2026-02-01,SKU-1014,Agua Saborizada 500ml,Bebidas,Sur,Activo,0.22767263427109974,1387.6908367840701,1494.1917372016333,1613.727076177764,1494.1917372016333
2026-02-01,SKU-1015,Bebida Isotonica 600ml,Bebidas,Centro,Activo,0.494140625,3578.301396217004,3760.756642447247,4061.6171738430266,3760.756642447247
2026-02-01,SKU-1015,Bebida Isotonica 600ml,Bebidas,Norte,Activo,0.26890980113636365,1947.3005621885204,2046.5921433655608,2210.319514834806,2046.5921433655608
2026-02-01,SKU-1015,Bebida Isotonica 600ml,Bebidas,Sur,Activo,0.23694957386363635,1715.8617367055665,1803.3524036456524,1947.6205959373046,1803.3524036456524
2026-02-01,SKU-1016,Te Helado 1.5L,Bebidas,Centro,Activo,0.5680448493342677,1268.755648113203,1268.755648113203,1370.2560999622594,1268.755648113203
2026-02-01,SKU-1016,Te Helado 1.5L,Bebidas,Norte,Activo,0.2133146461107218,476.4485804165544,476.4485804165544,514.5644668498788,476.4485804165544
2026-02-01,SKU-1016,Te Helado 1.5L,Bebidas,Sur,Activo,0.21864050455501052,488.34414287110707,488.34414287110707,527.4116743007957,488.34414287110707
2026-02-01,SKU-1017,Nectar Durazno 1L,Bebidas,Centro,Activo,0.49586229725256536,2005.0413182361872,2005.0413182361872,2165.444623695082,2005.0413182361872
2026-02-01,SKU-1017,Nectar Durazno 1L,Bebidas,Norte,Activo,0.23949023502151606,968.3894484271572,968.3894484271572,1045.8606043013299,968.3894484271572
2026-02-01,SKU-1017,Nectar Durazno 1L,Bebidas,Sur,Activo,0.2646474677259186,1070.113841074654,1070.113841074654,1155.7229483606263,1070.113841074654
2026-02-01,SKU-1018,Arroz Grano Largo 1kg,Despensa,Centro,Activo,0.4920103961110844,6555.3843604347485,6555.3843604347485,7079.815109269529,6555.3843604347485
2026-02-01,SKU-1018,Arroz Grano Largo 1kg,Despensa,Norte,Activo,0.26009529768494005,3465.4240238483126,3465.4240238483126,3742.657945756178,3465.4240238483126
2026-02-01,SKU-1018,Arroz Grano Largo 1kg,Despensa,Sur,Activo,0.24789430620397554,3302.862034572675,3302.862034572675,3567.090997338489,3302.862034572675
2026-02-01,SKU-1019,Fideos Spaghetti 400g,Despensa,Centro,Activo,0.5234979653714195,2400.2236970253116,2400.2236970253116,2592.2415927873367,2400.2236970253116
2026-02-01,SKU-1019,Fideos Spaghetti 400g,Despensa,Norte,Activo,0.20673422165483124,947.8706902899836,947.8706902899836,1023.7003455131824,947.8706902899836
2026-02-01,SKU-1019,Fideos Spaghetti 400g,Despensa,Sur,Activo,0.2697678129737493,1236.8779636705651,1236.8779636705651,1335.8282007642106,1236.8779636705651
2026-02-01,SKU-1020,Aceite Vegetal 900ml,Despensa,Centro,Activo,0.536916759985069,5152.0031460515675,5152.0031460515675,5564.163397735693,5152.0031460515675
2026-02-01,SKU-1020,Aceite Vegetal 900ml,Despensa,Norte,Activo,0.22721164613661815,2180.2171266696255,2180.2171266696255,2354.6344968031954,2180.2171266696255
2026-02-01,SKU-1020,Aceite Vegetal 900ml,Despensa,Sur,Activo,0.2358715938783128,2263.313951605941,2263.313951605941,2444.3790677344164,2263.313951605941
2026-02-01,SKU-1021,Azucar 1kg,Despensa,Centro,Pausado,0.5251169604461037,0.0,0.0,0.0,0.0
2026-02-01,SKU-1021,Azucar 1kg,Despensa,Norte,Pausado,0.2502244695430273,0.0,0.0,0.0,0.0
2026-02-01,SKU-1021,Azucar 1kg,Despensa,Sur,Pausado,0.22465857001086906,0.0,0.0,0.0,0.0
2026-02-01,SKU-1022,Harina 1kg,Despensa,Centro,Activo,0.5137904449252655,6882.934674430649,6882.934674430649,7433.569448385101,6882.934674430649
2026-02-01,SKU-1022,Harina 1kg,Despensa,Norte,Activo,0.2533263697182223,3393.657611392158,3393.657611392158,3665.1502203035307,3393.657611392158
2026-02-01,SKU-1022,Harina 1kg,Despensa,Sur,Activo,0.23288318535651223,3119.7928404747854,3119.7928404747854,3369.3762677127684,3119.7928404747854
2026-02-01,SKU-1023,Salsa Tomate 200g,Despensa,Centro,Activo,0.48362099330750263,6034.561519848407,6034.561519848407,6517.32644143628,6034.561519848407
2026-02-01,SKU-1023,Salsa Tomate 200g,Despensa,Norte,Activo,0.2615222044598586,3263.2409540913686,3263.2409540913686,3524.300230418678,3263.2409540913686
2026-02-01,SKU-1023,Salsa Tomate 200g,Despensa,Sur,Activo,0.2548568022326388,3180.070909053399,3180.070909053399,3434.476581777671,3180.070909053399
2026-02-01,SKU-1024,Atun Lomitos 160g,Despensa,Centro,Activo,0.48153109502365615,5992.325372172449,6326.696430752309,6832.832145212496,6326.696430752309
2026-02-01,SKU-1024,Atun Lomitos 160g,Despensa,Norte,Activo,0.27227384141822947,3388.261869213578,3577.3264873025637,3863.512606286769,3577.3264873025637
2026-02-01,SKU-1024,Atun Lomitos 160g,Despensa,Sur,Activo,0.24619506355811435,3063.7293024460264,3234.6850410676802,3493.459844353095,3234.6850410676802
2026-02-01,SKU-1025,Legumbres Mix 500g,Despensa,Centro,Activo,0.4774314536989136,2461.9473580312583,2596.833801052914,2804.5805051371476,2596.833801052914
2026-02-01,SKU-1025,Legumbres Mix 500g,Despensa,Norte,Activo,0.22956544231764098,1183.7888556157345,1248.6468906593316,1348.5386419120782,1248.6468906593316
2026-02-01,SKU-1025,Legumbres Mix 500g,Despensa,Sur,Activo,0.2930031039834454,1510.9147337450402,1593.6955103035018,1721.1911511277822,1593.6955103035018
2026-02-01,SKU-1007,Galleta Avena 180g,Galletas,Centro,Activo,0.507048020120489,6587.68354430956,6587.68354430956,7114.698227854325,6587.68354430956
2026-02-01,SKU-1007,Galleta Avena 180g,Galletas,Norte,Activo,0.2405685207931216,3125.521100212852,3125.521100212852,3375.5627882298804,3125.521100212852
2026-02-01,SKU-1007,Galleta Avena 180g,Galletas,Sur,Activo,0.25238345908638943,3279.023473721969,3279.023473721969,3541.3453516197264,3279.023473721969
2026-02-01,SKU-1008,Galleta Chocolate 200g,Galletas,Centro,Activo,0.4811627462229872,3972.9760035020213,3972.9760035020213,4290.814083782183,3972.9760035020213
2026-02-01,SKU-1008,Galleta Chocolate 200g,Galletas,Norte,Activo,0.25100401606425704,2072.548094036726,2072.548094036726,2238.3519415596643,2072.548094036726
2026-02-01,SKU-1008,Galleta Chocolate 200g,Galletas,Sur,Activo,0.2678332377127558,2211.5075091035696,2211.5075091035696,2388.428109831855,2211.5075091035696
2026-02-01,SKU-1009,Galleta Salada 150g,Galletas,Centro,Activo,0.5038738144043359,4700.584704864439,4700.584704864439,5076.631481253595,4700.584704864439
2026-02-01,SKU-1009,Galleta Salada 150g,Galletas,Norte,Activo,0.23764027377271307,2216.9205944475466,2216.9205944475466,2394.2742420033505,2216.9205944475466
2026-02-01,SKU-1009,Galleta Salada 150g,Galletas,Sur,Activo,0.25848591182295105,2411.3873132587346,2411.3873132587346,2604.298298319434,2411.3873132587346
2026-02-01,SKU-1010,Barra Cereal Pack 6,Galletas,Centro,Activo,0.518541714737779,4561.905884289112,4880.90596362891,5271.378440719223,4880.90596362891
2026-02-01,SKU-1010,Barra Cereal Pack 6,Galletas,Norte,Activo,0.2626495698322181,2310.677394063673,2472.2559734406686,2670.036451315922,2472.2559734406686
2026-02-01,SKU-1010,Barra Cereal Pack 6,Galletas,Sur,Activo,0.21880871543000296,1924.9845057473221,2059.5927650224844,2224.3601862242836,2059.5927650224844
2026-02-01,SKU-1011,Snack Mix 120g,Galletas,Centro,Activo,0.5205579265119183,5141.512433153515,5435.45584191825,5870.292309271711,5435.45584191825
2026-02-01,SKU-1011,Snack Mix 120g,Galletas,Norte,Activo,0.24596648277297803,2429.3928973288857,2568.282774335698,2773.7453962825543,2568.282774335698
2026-02-01,SKU-1011,Snack Mix 120g,Galletas,Sur,Activo,0.23347559071510357,2306.0212732580158,2437.857919100707,2632.886552628764,2437.857919100707
2026-02-01,SKU-1001,Yogurt Natural 1L,Lacteos,Centro,Activo,0.5002401625715869,4440.257452427226,4440.257452427226,4795.478048621405,4440.257452427226
2026-02-01,SKU-1001,Yogurt Natural 1L,Lacteos,Norte,Activo,0.23827821910216146,2115.017380212954,2115.017380212954,2284.2187706299906,2115.017380212954
2026-02-01,SKU-1001,Yogurt Natural 1L,Lacteos,Sur,Activo,0.2614816183262516,2320.9765854810166,2320.9765854810166,2506.654712319498,2320.9765854810166
2026-02-01,SKU-1002,Yogurt Frutado Pack 4,Lacteos,Centro,Activo,0.4913863822805578,2723.2757622524296,2868.587197180432,3098.074172954867,2868.587197180432
2026-02-01,SKU-1002,Yogurt Frutado Pack 4,Lacteos,Norte,Activo,0.26333059885151766,1459.384840873172,1537.2562442319181,1660.2367437704715,1537.2562442319181
2026-02-01,SKU-1002,Yogurt Frutado Pack 4,Lacteos,Sur,Activo,0.24528301886792453,1359.3646960158205,1431.8991184590138,1546.451047935735,1431.8991184590138
2026-02-01,SKU-1003,Leche Entera 1L,Lacteos,Centro,Activo,0.4675091955107045,1693.0425981245264,1836.7609856583965,1983.7018645110684,1836.7609856583965
2026-02-01,SKU-1003,Leche Entera 1L,Lacteos,Norte,Activo,0.26690559275676695,966.5746525504155,1048.624891953452,1132.5148833097285,1048.624891953452
2026-02-01,SKU-1003,Leche Entera 1L,Lacteos,Sur,Activo,0.2655852117325285,961.7930111597068,1043.4373483183467,1126.9123361838144,1043.4373483183467
2026-02-01,SKU-1004,Leche Descremada 1L,Lacteos,Centro,Activo,0.5286545871935722,2227.411538566731,2227.411538566731,2405.60446165207,2227.411538566731
2026-02-01,SKU-1004,Leche Descremada 1L,Lacteos,Norte,Activo,0.2544068213495122,1071.9072587116264,1071.9072587116264,1157.6598394085568,1071.9072587116264
2026-02-01,SKU-1004,Leche Descremada 1L,Lacteos,Sur,Activo,0.21693859145691563,914.0401568001814,914.0401568001814,987.1633693441961,914.0401568001814
2026-02-01,SKU-1005,Queso Untable 250g,Lacteos,Centro,Activo,0.4765915554583242,1456.219168378724,1546.8813024700146,1670.6318066676158,1546.8813024700146
2026-02-01,SKU-1005,Queso Untable 250g,Lacteos,Norte,Activo,0.2744476044629184,838.5710106638095,890.7792490009792,962.0415889210576,890.7792490009792
2026-02-01,SKU-1005,Queso Untable 250g,Lacteos,Sur,Activo,0.24896084007875738,760.6965405623079,808.0564251599159,872.7009391727091,808.0564251599159
2026-02-01,SKU-1006,Manjar 400g,Lacteos,Centro,Activo,0.5253917958379721,2012.9348373762716,2127.9358498019956,2298.1707177861554,2127.9358498019956
2026-02-01,SKU-1006,Manjar 400g,Lacteos,Norte,Activo,0.24329879249807312,932.1512425405032,985.405990103907,1064.2384693122194,985.405990103907
2026-02-01,SKU-1006,Manjar 400g,Lacteos,Sur,Activo,0.23130941166395477,886.2162992262932,936.8467368076919,1011.7944757523072,936.8467368076919
2026-03-01,SKU-1012,Jugo Naranja 1L,Bebidas,Centro,Activo,0.5108679053194197,3532.8176289169205,3532.8176289169205,3815.4430392302743,3532.8176289169205
2026-03-01,SKU-1012,Jugo Naranja 1L,Bebidas,Norte,Activo,0.22799694578773225,1576.6729932163098,1576.6729932163098,1702.8068326736147,1576.6729932163098
2026-03-01,SKU-1012,Jugo Naranja 1L,Bebidas,Sur,Activo,0.26113514889284806,1805.8344396516343,1805.8344396516343,1950.3011948237652,1805.8344396516343
2026-03-01,SKU-1013,Jugo Manzana 1L,Bebidas,Centro,Activo,0.5394635770067853,4962.583740727806,4962.583740727806,5359.59043998603,4962.583740727806
2026-03-01,SKU-1013,Jugo Manzana 1L,Bebidas,Norte,Activo,0.23473306874919986,2159.3348652920636,2159.3348652920636,2332.081654515429,2159.3348652920636
2026-03-01,SKU-1013,Jugo Manzana 1L,Bebidas,Sur,Activo,0.22580335424401485,2077.1894565906064,2077.1894565906064,2243.364613117855,2077.1894565906064
2026-03-01,SKU-1014,Agua Saborizada 500ml,Bebidas,Centro,Activo,0.5186515347411771,3572.7382323270813,3572.7382323270813,3858.5572909132484,3572.7382323270813
2026-03-01,SKU-1014,Agua Saborizada 500ml,Bebidas,Norte,Activo,0.23583776277354787,1624.5716733644977,1624.5716733644977,1754.5374072336576,1624.5716733644977
2026-03-01,SKU-1014,Agua Saborizada 500ml,Bebidas,Sur,Activo,0.2455107024852751,1691.2038516425948,1691.2038516425948,1826.5001597740024,1691.2038516425948
2026-03-01,SKU-1015,Bebida Isotonica 600ml,Bebidas,Centro,Activo,0.5340191723170447,3678.9894623424284,3678.9894623424284,3973.3086193298227,3678.9894623424284
2026-03-01,SKU-1015,Bebida Isotonica 600ml,Bebidas,Norte,Activo,0.220949263502455,1522.1738362143585,1522.1738362143585,1643.9477431115072,1522.1738362143585
2026-03-01,SKU-1015,Bebida Isotonica 600ml,Bebidas,Sur,Activo,0.24503156418050034,1688.0827305319024,1688.0827305319024,1823.1293489744546,1688.0827305319024
2026-03-01,SKU-1016,Te Helado 1.5L,Bebidas,Centro,Activo,0.5117146520573493,1318.6727558961963,1429.3996566453354,1543.7516291769623,1429.3996566453354
2026-03-01,SKU-1016,Te Helado 1.5L,Bebidas,Norte,Activo,0.23580836927380813,607.6708394482928,658.6960148960168,711.3916960876982,658.6960148960168
2026-03-01,SKU-1016,Te Helado 1.5L,Bebidas,Sur,Activo,0.2524769786688425,650.6253278522007,705.2573248960812,761.6779108877677,705.2573248960812
2026-03-01,SKU-1017,Nectar Durazno 1L,Bebidas,Centro,Activo,0.5834244329051653,2617.183812504493,2745.4642519843865,2965.101392143137,2745.4642519843865
2026-03-01,SKU-1017,Nectar Durazno 1L,Bebidas,Norte,Activo,0.22068871276305002,989.9875529206597,1038.5114807248588,1121.5923991828474,1038.5114807248588
2026-03-01,SKU-1017,Nectar Durazno 1L,Bebidas,Sur,Activo,0.19588685433178465,878.7288898524865,921.7995093616626,995.5434701105955,921.7995093616626
2026-03-01,SKU-1018,Arroz Grano Largo 1kg,Despensa,Centro,Activo,0.4815555384654823,5968.4283565305095,5968.4283565305095,6445.9026250529505,5968.4283565305095
2026-03-01,SKU-1018,Arroz Grano Largo 1kg,Despensa,Norte,Activo,0.20941321233561486,2595.479970428413,2595.479970428413,2803.118368062686,2595.479970428413
2026-03-01,SKU-1018,Arroz Grano Largo 1kg,Despensa,Sur,Activo,0.3090312491989028,3830.151921105951,3830.151921105951,4136.564074794427,3830.151921105951
2026-03-01,SKU-1019,Fideos Spaghetti 400g,Despensa,Centro,Activo,0.5177449748743719,2190.751314071405,2386.255207213066,2577.155623790112,2386.255207213066
2026-03-01,SKU-1019,Fideos Spaghetti 400g,Despensa,Norte,Activo,0.23021356783919597,974.110229429384,1061.0403802773294,1145.9236106995158,1061.0403802773294
2026-03-01,SKU-1019,Fideos Spaghetti 400g,Despensa,Sur,Activo,0.2520414572864322,1066.471294839128,1161.6437996897093,1254.5753036648862,1161.6437996897093
2026-03-01,SKU-1020,Aceite Vegetal 900ml,Despensa,Centro,Activo,0.5235515623967761,5805.699622279975,6271.203528199997,6772.899810455997,6271.203528199997
2026-03-01,SKU-1020,Aceite Vegetal 900ml,Despensa,Norte,Activo,0.24575543370548986,2725.1990656001904,2943.7068927323644,3179.2034441509536,2943.7068927323644
2026-03-01,SKU-1020,Aceite Vegetal 900ml,Despensa,Sur,Activo,0.23069300389773403,2558.170735773082,2763.2861476939293,2984.3490395094436,2763.2861476939293
2026-03-01,SKU-1021,Azucar 1kg,Despensa,Centro,Pausado,0.5268822933873288,0.0,0.0,0.0,0.0
2026-03-01,SKU-1021,Azucar 1kg,Despensa,Norte,Pausado,0.22747375712687162,0.0,0.0,0.0,0.0
2026-03-01,SKU-1021,Azucar 1kg,Despensa,Sur,Pausado,0.24564394948579954,0.0,0.0,0.0,0.0
2026-03-01,SKU-1022,Harina 1kg,Despensa,Centro,Activo,0.5367578679457686,7132.152098904441,7132.152098904441,7702.724266816796,7132.152098904441
2026-03-01,SKU-1022,Harina 1kg,Despensa,Norte,Activo,0.23608731829083257,3137.002293262716,3137.002293262716,3387.9624767237337,3137.002293262716
2026-03-01,SKU-1022,Harina 1kg,Despensa,Sur,Activo,0.22715481376339874,3018.3119400916894,3018.3119400916894,3259.7768952990245,3018.3119400916894
2026-03-01,SKU-1023,Salsa Tomate 200g,Despensa,Centro,Activo,0.5135837530811275,6550.223121083363,6550.223121083363,7074.240970770033,6550.223121083363
2026-03-01,SKU-1023,Salsa Tomate 200g,Despensa,Norte,Activo,0.23617511520737328,3012.166352566636,3012.166352566636,3253.139660771967,3012.166352566636
2026-03-01,SKU-1023,Salsa Tomate 200g,Despensa,Sur,Activo,0.2502411317114993,3191.5636679492204,3191.5636679492204,3446.8887613851584,3191.5636679492204
2026-03-01,SKU-1024,Atun Lomitos 160g,Despensa,Centro,Activo,0.501377080589151,6077.084110919676,6077.084110919676,6563.2508397932515,6077.084110919676
2026-03-01,SKU-1024,Atun Lomitos 160g,Despensa,Norte,Activo,0.23862411687223087,2892.3117654729367,2892.3117654729367,3123.696706710772,2892.3117654729367
2026-03-01,SKU-1024,Atun Lomitos 160g,Despensa,Sur,Activo,0.2599988025386181,3151.389748228886,3151.389748228886,3403.5009280871977,3151.389748228886
2026-03-01,SKU-1025,Legumbres Mix 500g,Despensa,Centro,Activo,0.505275903822868,3064.67951137122,3064.67951137122,3309.853872280918,3064.67951137122
2026-03-01,SKU-1025,Legumbres Mix 500g,Despensa,Norte,Activo,0.2474773683907052,1501.038966427625,1501.038966427625,1621.122083741835,1501.038966427625
2026-03-01,SKU-1025,Legumbres Mix 500g,Despensa,Sur,Activo,0.2472467277864268,1499.6400484719609,1499.6400484719609,1619.611252349718,1499.6400484719609
2026-03-01,SKU-1007,Galleta Avena 180g,Galletas,Centro,Activo,0.48449429729474974,5646.249712477531,5646.249712477531,6097.949689475734,5646.249712477531
2026-03-01,SKU-1007,Galleta Avena 180g,Galletas,Norte,Activo,0.24105319382913878,2809.2106221872646,2809.2106221872646,3033.947471962246,2809.2106221872646
2026-03-01,SKU-1007,Galleta Avena 180g,Galletas,Sur,Activo,0.2744525088761115,3198.443011575307,3198.443011575307,3454.318452501332,3198.443011575307
2026-03-01,SKU-1008,Galleta Chocolate 200g,Galletas,Centro,Activo,0.5361795292829775,5598.969675043483,5598.969675043483,6046.887249046962,5598.969675043483
2026-03-01,SKU-1008,Galleta Chocolate 200g,Galletas,Norte,Activo,0.23170954205436964,2419.590134512462,2419.590134512462,2613.157345273459,2419.590134512462
2026-03-01,SKU-1008,Galleta Chocolate 200g,Galletas,Sur,Activo,0.2321109286626528,2423.7815504935074,2423.7815504935074,2617.684074532988,2423.7815504935074
2026-03-01,SKU-1009,Galleta Salada 150g,Galletas,Centro,Activo,0.5392904552434993,5922.50971074368,6608.79007484734,7137.493280835128,6608.79007484734
2026-03-01,SKU-1009,Galleta Salada 150g,Galletas,Norte,Activo,0.20120252999817798,2209.6143667188885,2465.656994959696,2662.909554556472,2465.656994959696
2026-03-01,SKU-1009,Galleta Salada 150g,Galletas,Sur,Activo,0.2595070147583227,2849.9165894162124,3180.1552703425837,3434.5676919699904,3180.1552703425837
2026-03-01,SKU-1010,Barra Cereal Pack 6,Galletas,Centro,Activo,0.5273790727716378,4263.763665615913,4561.915574514747,4926.868820475927,4561.915574514747
2026-03-01,SKU-1010,Barra Cereal Pack 6,Galletas,Norte,Activo,0.21257356107363284,1718.6184905156608,1838.7962076223284,1985.8999042321147,1838.7962076223284
2026-03-01,SKU-1010,Barra Cereal Pack 6,Galletas,Sur,Activo,0.26004736615472945,2102.435550433321,2249.452416718267,2429.408610055729,2249.452416718267
2026-03-01,SKU-1011,Snack Mix 120g,Galletas,Centro,Activo,0.47264172671338794,5124.872487509466,5124.872487509466,5534.862286510223,5124.872487509466
2026-03-01,SKU-1011,Snack Mix 120g,Galletas,Norte,Activo,0.23235613463626492,2519.4465371940028,2519.4465371940028,2721.002260169523,2519.4465371940028
2026-03-01,SKU-1011,Snack Mix 120g,Galletas,Sur,Activo,0.29500213865034713,3198.719576958571,3198.719576958571,3454.617143115257,3198.719576958571
2026-03-01,SKU-1001,Yogurt Natural 1L,Lacteos,Centro,Activo,0.487707526341015,5023.002841166791,5023.002841166791,5424.843068460134,5023.002841166791
2026-03-01,SKU-1001,Yogurt Natural 1L,Lacteos,Norte,Activo,0.26887870954562243,2769.2386297778185,2769.2386297778185,2990.7777201600443,2769.2386297778185
2026-03-01,SKU-1001,Yogurt Natural 1L,Lacteos,Sur,Activo,0.2434137641133626,2506.969777344812,2506.969777344812,2707.527359532397,2506.969777344812
2026-03-01,SKU-1002,Yogurt Frutado Pack 4,Lacteos,Centro,Activo,0.5794157918758558,3016.660442209358,3258.109690734278,3518.7584659930203,3258.109690734278
2026-03-01,SKU-1002,Yogurt Frutado Pack 4,Lacteos,Norte,Activo,0.20686900958466453,1077.039263829375,1163.243967960072,1256.303485396878,1163.243967960072
2026-03-01,SKU-1002,Yogurt Frutado Pack 4,Lacteos,Sur,Activo,0.21371519853947968,1112.683144595929,1201.7407346879288,1297.879993462963,1201.7407346879288
2026-03-01,SKU-1003,Leche Entera 1L,Lacteos,Centro,Activo,0.543271409152696,1989.2999947669687,2214.455965747459,2391.612443007256,2214.455965747459
2026-03-01,SKU-1003,Leche Entera 1L,Lacteos,Norte,Activo,0.2230176710466697,816.6250687442051,909.053566589574,981.77785191674,909.053566589574
2026-03-01,SKU-1003,Leche Entera 1L,Lacteos,Sur,Activo,0.23371091980063435,855.7805982492097,952.640856657664,1028.8521251902773,952.640856657664
2026-03-01,SKU-1004,Leche Descremada 1L,Lacteos,Centro,Activo,0.4997597968567703,2492.7238021783833,2492.7238021783833,2692.1417063526537,2492.7238021783833
2026-03-01,SKU-1004,Leche Descremada 1L,Lacteos,Norte,Activo,0.2464484249536751,1229.2462474076592,1229.2462474076592,1327.585947200272,1229.2462474076592
2026-03-01,SKU-1004,Leche Descremada 1L,Lacteos,Sur,Activo,0.2537917781895546,1265.8737462861386,1265.8737462861386,1367.14364598903,1265.8737462861386
2026-03-01,SKU-1005,Queso Untable 250g,Lacteos,Centro,Activo,0.5110283586364939,1768.8538181292906,1878.9801408212757,2029.2985520869777,1878.9801408212757
2026-03-01,SKU-1005,Queso Untable 250g,Lacteos,Norte,Activo,0.25704191731118115,889.7149623325953,945.1073503533023,1020.7159383815665,945.1073503533023
2026-03-01,SKU-1005,Queso Untable 250g,Lacteos,Sur,Activo,0.23192972405232504,802.7925867406665,852.7733112957545,920.9951761994149,852.7733112957545
2026-03-01,SKU-1006,Manjar 400g,Lacteos,Centro,Activo,0.5606450398443873,2554.9990690979284,2773.953608189738,2995.8698968449175,2773.953608189738
2026-03-01,SKU-1006,Manjar 400g,Lacteos,Norte,Activo,0.19137855305264478,872.159727000412,946.9007839931395,1022.6528467125906,946.9007839931395
2026-03-01,SKU-1006,Manjar 400g,Lacteos,Sur,Activo,0.24797640710296795,1130.0902429854518,1226.9350486363567,1325.089852527265,1226.9350486363567
2026-04-01,SKU-1012,Jugo Naranja 1L,Bebidas,Centro,Activo,0.4634302395329308,3864.7126974792604,4154.734767272643,4487.1135486544545,4154.734767272643
2026-04-01,SKU-1012,Jugo Naranja 1L,Bebidas,Norte,Activo,0.2839205022593674,2367.715950651717,2545.397950438844,2749.029786473952,2545.397950438844
2026-04-01,SKU-1012,Jugo Naranja 1L,Bebidas,Sur,Activo,0.25264925820770184,2106.933714960218,2265.045669136988,2446.2493226679476,2265.045669136988
2026-04-01,SKU-1013,Jugo Manzana 1L,Bebidas,Centro,Activo,0.4954465901337842,4962.00641931109,4962.00641931109,5358.966932855978,4962.00641931109
2026-04-01,SKU-1013,Jugo Manzana 1L,Bebidas,Norte,Activo,0.2497997686215182,2501.799548378559,2501.799548378559,2701.9435122488435,2501.799548378559
2026-04-01,SKU-1013,Jugo Manzana 1L,Bebidas,Sur,Activo,0.25475364124469757,2551.413670760606,2551.413670760606,2755.5267644214546,2551.413670760606
2026-04-01,SKU-1014,Agua Saborizada 500ml,Bebidas,Centro,Activo,0.5423643215104308,4472.807269982512,4472.807269982512,4830.631851581113,4472.807269982512
2026-04-01,SKU-1014,Agua Saborizada 500ml,Bebidas,Norte,Activo,0.23674293927974827,1952.3879022472192,1952.3879022472192,2108.5789344269965,1952.3879022472192
2026-04-01,SKU-1014,Agua Saborizada 500ml,Bebidas,Sur,Activo,0.22089273920982092,1821.673385654363,1821.673385654363,1967.407256506712,1821.673385654363
2026-04-01,SKU-1015,Bebida Isotonica 600ml,Bebidas,Centro,Activo,0.47179899959753924,2724.2385984037464,2724.2385984037464,2942.177686276046,2724.2385984037464
2026-04-01,SKU-1015,Bebida Isotonica 600ml,Bebidas,Norte,Activo,0.27787040763525556,1604.465652703547,1604.465652703547,1732.8229049198308,1604.465652703547
2026-04-01,SKU-1015,Bebida Isotonica 600ml,Bebidas,Sur,Activo,0.2503305927672052,1445.446607049709,1445.446607049709,1561.082335613686,1445.446607049709
2026-04-01,SKU-1016,Te Helado 1.5L,Bebidas,Centro,Activo,0.5111134520172759,1559.1696055495054,1624.6301291679763,1754.6005395014145,1624.6301291679763
2026-04-01,SKU-1016,Te Helado 1.5L,Bebidas,Norte,Activo,0.2509217318023807,765.4455895339905,797.5822274686974,861.3888056661932,797.5822274686974
2026-04-01,SKU-1016,Te Helado 1.5L,Bebidas,Sur,Activo,0.2379648161803434,725.9200616109507,756.3972509873163,816.9090310663016,756.3972509873163
2026-04-01,SKU-1017,Nectar Durazno 1L,Bebidas,Centro,Activo,0.5252333611595963,2358.572644513221,2358.572644513221,2547.2584560742794,2358.572644513221
2026-04-01,SKU-1017,Nectar Durazno 1L,Bebidas,Norte,Activo,0.22622751764438037,1015.8799383461801,1015.8799383461801,1097.1503334138747,1015.8799383461801
2026-04-01,SKU-1017,Nectar Durazno 1L,Bebidas,Sur,Activo,0.24853912119602337,1116.0707138825023,1116.0707138825023,1205.3563709931027,1116.0707138825023
2026-04-01,SKU-1018,Arroz Grano Largo 1kg,Despensa,Centro,Activo,0.5254764235131556,5972.211404727333,5972.211404727333,6449.98831710552,5972.211404727333
2026-04-01,SKU-1018,Arroz Grano Largo 1kg,Despensa,Norte,Activo,0.23588001612067477,2680.853525273133,2680.853525273133,2895.321807294984,2680.853525273133
2026-04-01,SKU-1018,Arroz Grano Largo 1kg,Despensa,Sur,Activo,0.2386435603661696,2712.2621094110655,2712.2621094110655,2929.243078163951,2712.2621094110655
2026-04-01,SKU-1019,Fideos Spaghetti 400g,Despensa,Centro,Activo,0.5156643497531983,1872.6939651078444,1872.6939651078444,2022.5094823164723,1872.6939651078444
2026-04-01,SKU-1019,Fideos Spaghetti 400g,Despensa,Norte,Activo,0.24518988616903395,890.4350676054881,890.4350676054881,961.6698730139273,890.4350676054881
2026-04-01,SKU-1019,Fideos Spaghetti 400g,Despensa,Sur,Activo,0.2391457640777677,868.4851481082287,868.4851481082287,937.9639599568872,868.4851481082287
2026-04-01,SKU-1020,Aceite Vegetal 900ml,Despensa,Centro,Activo,0.5154235256279056,6345.263298717946,6345.263298717946,6852.884362615382,6345.263298717946
2026-04-01,SKU-1020,Aceite Vegetal 900ml,Despensa,Norte,Activo,0.2484722668927809,3058.8862895680227,3058.8862895680227,3303.597192733465,3058.8862895680227
2026-04-01,SKU-1020,Aceite Vegetal 900ml,Despensa,Sur,Activo,0.23610420747931346,2906.625887063048,2906.625887063048,3139.1559580280923,2906.625887063048
2026-04-01,SKU-1021,Azucar 1kg,Despensa,Centro,Pausado,0.5073975625658258,0.0,0.0,0.0,0.0
2026-04-01,SKU-1021,Azucar 1kg,Despensa,Norte,Pausado,0.2547269170971463,0.0,0.0,0.0,0.0
2026-04-01,SKU-1021,Azucar 1kg,Despensa,Sur,Pausado,0.23787552033702794,0.0,0.0,0.0,0.0
2026-04-01,SKU-1022,Harina 1kg,Despensa,Centro,Activo,0.5061550718305877,6490.761712382995,6490.761712382995,7010.0226493736345,6490.761712382995
2026-04-01,SKU-1022,Harina 1kg,Despensa,Norte,Activo,0.23988075351443036,3076.149775241578,3076.149775241578,3322.2417572609043,3076.149775241578
2026-04-01,SKU-1022,Harina 1kg,Despensa,Sur,Activo,0.2539641746549819,3256.750811970996,3256.750811970996,3517.2908769286755,3256.750811970996
2026-04-01,SKU-1023,Salsa Tomate 200g,Despensa,Centro,Activo,0.5396742941741773,6757.230748660933,6757.230748660933,7297.809208553808,6757.230748660933
2026-04-01,SKU-1023,Salsa Tomate 200g,Despensa,Norte,Activo,0.22755253110308823,2849.172133459353,2849.172133459353,3077.105904136101,2849.172133459353
2026-04-01,SKU-1023,Salsa Tomate 200g,Despensa,Sur,Activo,0.23277317472273448,2914.5395114784524,2914.5395114784524,3147.7026723967288,2914.5395114784524
2026-04-01,SKU-1024,Atun Lomitos 160g,Despensa,Centro,Activo,0.5071290322580645,5756.846267968005,5756.846267968005,6217.393969405446,5756.846267968005
2026-04-01,SKU-1024,Atun Lomitos 160g,Despensa,Norte,Activo,0.24119354838709678,2737.989920844525,2737.989920844525,2957.0291145120873,2737.989920844525
2026-04-01,SKU-1024,Atun Lomitos 160g,Despensa,Sur,Activo,0.2516774193548387,2857.0011184203536,2857.0011184203536,3085.561207893982,2857.0011184203536
2026-04-01,SKU-1025,Legumbres Mix 500g,Despensa,Centro,Activo,0.49000702082845776,3467.6057905253024,3752.5832552298803,4052.7899156482713,3752.5832552298803
2026-04-01,SKU-1025,Legumbres Mix 500g,Despensa,Norte,Activo,0.2862157734612684,2025.4474552547733,2191.9043467122665,2367.256694449248,2191.9043467122665
2026-04-01,SKU-1025,Legumbres Mix 500g,Despensa,Sur,Activo,0.22377720571027382,1583.5918697584746,1713.7358432757721,1850.834710737834,1713.7358432757721
2026-04-01,SKU-1007,Galleta Avena 180g,Galletas,Centro,Activo,0.5416692464862857,5767.224512463837,6524.967197209946,7046.964572986742,6524.967197209946
2026-04-01,SKU-1007,Galleta Avena 180g,Galletas,Norte,Activo,0.22958330753513714,2444.4040112266,2765.5687680464625,2986.81426949018,2765.5687680464625
2026-04-01,SKU-1007,Galleta Avena 180g,Galletas,Sur,Activo,0.22874744597857719,2435.5044820595126,2755.4999497161966,2975.9399456934925,2755.4999497161966
2026-04-01,SKU-1008,Galleta Chocolate 200g,Galletas,Centro,Activo,0.5186552909716032,6529.121577731977,6529.121577731977,7051.4513039505355,6529.121577731977
2026-04-01,SKU-1008,Galleta Chocolate 200g,Galletas,Norte,Activo,0.2301986501973768,2897.8687778406534,2897.8687778406534,3129.6982800679057,2897.8687778406534
2026-04-01,SKU-1008,Galleta Chocolate 200g,Galletas,Sur,Activo,0.25114605883102,3161.5664207419322,3161.5664207419322,3414.491734401287,3161.5664207419322
2026-04-01,SKU-1009,Galleta Salada 150g,Galletas,Centro,Activo,0.5113603530246119,6205.124201853287,6205.124201853287,6701.53413800155,6205.124201853287
2026-04-01,SKU-1009,Galleta Salada 150g,Galletas,Norte,Activo,0.250216700375614,3036.2653147141164,3036.2653147141164,3279.1665398912455,3036.2653147141164
2026-04-01,SKU-1009,Galleta Salada 150g,Galletas,Sur,Activo,0.23842294659977412,2893.1535021688046,2893.1535021688046,3124.605782342309,2893.1535021688046
2026-04-01,SKU-1010,Barra Cereal Pack 6,Galletas,Centro,Activo,0.5285027472527473,4599.0602156146715,4813.458994090452,5198.535713617688,4813.458994090452
2026-04-01,SKU-1010,Barra Cereal Pack 6,Galletas,Norte,Activo,0.22032967032967032,1917.321009966454,2006.702592987936,2167.238800426971,2006.702592987936
2026-04-01,SKU-1010,Barra Cereal Pack 6,Galletas,Sur,Activo,0.2511675824175824,2185.674231124477,2287.56589231823,2470.571163703689,2287.56589231823
2026-04-01,SKU-1011,Snack Mix 120g,Galletas,Centro,Activo,0.5562541467884111,5768.695788619865,6428.2955177967015,6942.559159220438,6428.2955177967015
2026-04-01,SKU-1011,Snack Mix 120g,Galletas,Norte,Activo,0.21702315882594547,2250.6629201425567,2508.0064700525695,2708.6469876567758,2508.0064700525695
2026-04-01,SKU-1011,Snack Mix 120g,Galletas,Sur,Activo,0.22672269438564344,2351.2530375517526,2620.098184466042,2829.706039223325,2620.098184466042
2026-04-01,SKU-1001,Yogurt Natural 1L,Lacteos,Centro,Activo,0.5336468104503035,7018.053774757168,7018.053774757168,7579.498076737743,7018.053774757168
2026-04-01,SKU-1001,Yogurt Natural 1L,Lacteos,Norte,Activo,0.22774272485185806,2995.0721310811814,2995.0721310811814,3234.677901567676,2995.0721310811814
2026-04-01,SKU-1001,Yogurt Natural 1L,Lacteos,Sur,Activo,0.23861046469783845,3137.9950927771442,3137.9950927771442,3389.034700199316,3137.9950927771442
2026-04-01,SKU-1002,Yogurt Frutado Pack 4,Lacteos,Centro,Activo,0.5578330893118595,2393.292910994189,2584.848701223052,2791.6365973208967,2584.848701223052
2026-04-01,SKU-1002,Yogurt Frutado Pack 4,Lacteos,Norte,Activo,0.19828487764066094,850.7092911970344,918.7988634268665,992.302772501016,918.7988634268665
2026-04-01,SKU-1002,Yogurt Frutado Pack 4,Lacteos,Sur,Activo,0.2438820330474796,1046.3365332655508,1130.0838341305132,1220.4905408609543,1130.0838341305132
2026-04-01,SKU-1003,Leche Entera 1L,Lacteos,Centro,Activo,0.5223852162316631,1935.952180383276,1935.952180383276,2090.8283548139384,1935.952180383276
2026-04-01,SKU-1003,Leche Entera 1L,Lacteos,Norte,Activo,0.21327871975614401,790.4079015095105,790.4079015095105,853.6405336302713,790.4079015095105
2026-04-01,SKU-1003,Leche Entera 1L,Lacteos,Sur,Activo,0.2643360640121928,979.6256930276425,979.6256930276425,1057.9957484698539,979.6256930276425
2026-04-01,SKU-1004,Leche Descremada 1L,Lacteos,Centro,Activo,0.5202267761176401,2834.7164148371153,2834.7164148371153,3061.4937280240847,2834.7164148371153
2026-04-01,SKU-1004,Leche Descremada 1L,Lacteos,Norte,Activo,0.23297702710683282,1269.4921394633238,1269.4921394633238,1371.0515106203898,1269.4921394633238
2026-04-01,SKU-1004,Leche Descremada 1L,Lacteos,Sur,Activo,0.24679619677552708,1344.792813895369,1344.792813895369,1452.3762390069985,1344.792813895369
2026-04-01,SKU-1005,Queso Untable 250g,Lacteos,Centro,Activo,0.5189848514656699,2297.111715175803,2297.111715175803,2480.8806523898675,2297.111715175803
2026-04-01,SKU-1005,Queso Untable 250g,Lacteos,Norte,Activo,0.2143222506393862,948.6252852587263,948.6252852587263,1024.5153080794244,948.6252852587263
2026-04-01,SKU-1005,Queso Untable 250g,Lacteos,Sur,Activo,0.26669289789494394,1180.4263233860192,1180.4263233860192,1274.8604292569007,1180.4263233860192
2026-04-01,SKU-1006,Manjar 400g,Lacteos,Centro,Activo,0.4982083676799623,2523.5096171189844,2523.5096171189844,2725.3903864885033,2523.5096171189844
2026-04-01,SKU-1006,Manjar 400g,Lacteos,Norte,Activo,0.2351832848274818,1191.2431013784706,1191.2431013784706,1286.5425494887484,1191.2431013784706
2026-04-01,SKU-1006,Manjar 400g,Lacteos,Sur,Activo,0.2666083474925559,1350.4163569846926,1350.4163569846926,1458.449665543468,1350.4163569846926
2026-05-01,SKU-1012,Jugo Naranja 1L,Bebidas,Centro,Activo,0.480204389221777,4598.365552664581,4598.365552664581,4966.234796877747,4598.365552664581
2026-05-01,SKU-1012,Jugo Naranja 1L,Bebidas,Norte,Activo,0.24806087563871632,2375.3939178887385,2375.3939178887385,2565.4254313198376,2375.3939178887385
2026-05-01,SKU-1012,Jugo Naranja 1L,Bebidas,Sur,Activo,0.2717347351395067,2602.0912627494895,2602.0912627494895,2810.2585637694488,2602.0912627494895
2026-05-01,SKU-1013,Jugo Manzana 1L,Bebidas,Centro,Activo,0.560723230370403,7149.025732525805,7149.025732525805,7720.94779112787,7149.025732525805
2026-05-01,SKU-1013,Jugo Manzana 1L,Bebidas,Norte,Activo,0.2124214596423393,2708.2995654034403,2708.2995654034403,2924.963530635716,2708.2995654034403
2026-05-01,SKU-1013,Jugo Manzana 1L,Bebidas,Sur,Activo,0.22685530998725778,2892.326126006404,2892.326126006404,3123.712216086917,2892.326126006404
2026-05-01,SKU-1014,Agua Saborizada 500ml,Bebidas,Centro,Activo,0.5113313465936655,4804.811366686651,5050.647457994788,5454.699254634371,5050.647457994788
2026-05-01,SKU-1014,Agua Saborizada 500ml,Bebidas,Norte,Activo,0.2579180816411394,2423.570818802436,2547.5717694399027,2751.3775109950952,2547.5717694399027
2026-05-01,SKU-1014,Agua Saborizada 500ml,Bebidas,Sur,Activo,0.2307505717651951,2168.2867234187047,2279.2261739487185,2461.5642678646163,2279.2261739487185
2026-05-01,SKU-1015,Bebida Isotonica 600ml,Bebidas,Centro,Activo,0.5068720088354399,2631.893084829259,2766.0915906767177,2987.3789179308556,2766.0915906767177
2026-05-01,SKU-1015,Bebida Isotonica 600ml,Bebidas,Norte,Activo,0.26389741072524237,1370.2665727939286,1440.135568514776,1555.346413995958,1440.135568514776
2026-05-01,SKU-1015,Bebida Isotonica 600ml,Bebidas,Sur,Activo,0.2292305804393177,1190.261780041413,1250.9524491911654,1351.0286451264587,1250.9524491911654
2026-05-01,SKU-1016,Te Helado 1.5L,Bebidas,Centro,Activo,0.5288362512873327,1904.389267543041,2024.3207216161484,2186.266379345441,2024.3207216161484
2026-05-01,SKU-1016,Te Helado 1.5L,Bebidas,Norte,Activo,0.2287161002403021,823.6282697179818,875.4973585048742,945.5371471852643,875.4973585048742
2026-05-01,SKU-1016,Te Helado 1.5L,Bebidas,Sur,Activo,0.24244764847236525,873.076871277035,928.0600516984126,1002.3048558342857,928.0600516984126
2026-05-01,SKU-1017,Nectar Durazno 1L,Bebidas,Centro,Activo,0.4962370649106303,2118.2458317310725,2118.2458317310725,2287.7054982695586,2118.2458317310725
2026-05-01,SKU-1017,Nectar Durazno 1L,Bebidas,Norte,Activo,0.24153339604891816,1031.0134925060718,1031.0134925060718,1113.4945719065577,1031.0134925060718
2026-05-01,SKU-1017,Nectar Durazno 1L,Bebidas,Sur,Activo,0.26222953904045154,1119.35739449296,1119.35739449296,1208.9059860523969,1119.35739449296
2026-05-01,SKU-1018,Arroz Grano Largo 1kg,Despensa,Centro,Activo,0.510907594155176,4834.6256362972645,4834.6256362972645,5221.395687201046,4834.6256362972645
2026-05-01,SKU-1018,Arroz Grano Largo 1kg,Despensa,Norte,Activo,0.26181656033477396,2477.5224895506562,2477.5224895506562,2675.7242887147086,2477.5224895506562
2026-05-01,SKU-1018,Arroz Grano Largo 1kg,Despensa,Sur,Activo,0.2272758455100501,2150.669987653956,2150.669987653956,2322.7235866662727,2150.669987653956
2026-05-01,SKU-1019,Fideos Spaghetti 400g,Despensa,Centro,Activo,0.48143267848586485,1414.9723342052491,1414.9723342052491,1528.1701209416692,1414.9723342052491
2026-05-01,SKU-1019,Fideos Spaghetti 400g,Despensa,Norte,Activo,0.2773119310014375,815.0437804640835,815.0437804640835,880.2472829012104,815.0437804640835
2026-05-01,SKU-1019,Fideos Spaghetti 400g,Despensa,Sur,Activo,0.24125539051269765,709.0704854663776,709.0704854663776,765.796124303688,709.0704854663776
2026-05-01,SKU-1020,Aceite Vegetal 900ml,Despensa,Centro,Activo,0.488811057308072,7552.863772443237,7956.592041293796,8593.1194045973,7956.592041293796
2026-05-01,SKU-1020,Aceite Vegetal 900ml,Despensa,Norte,Activo,0.24975318508767805,3859.0611965476987,4065.342170653839,4390.569544306147,4065.342170653839
2026-05-01,SKU-1020,Aceite Vegetal 900ml,Despensa,Sur,Activo,0.2614357576042499,4039.5744591062125,4255.504529130541,4595.944891460985,4255.504529130541
2026-05-01,SKU-1021,Azucar 1kg,Despensa,Centro,Pausado,0.5633453219188491,0.0,0.0,0.0,0.0
2026-05-01,SKU-1021,Azucar 1kg,Despensa,Norte,Pausado,0.2140722354490654,0.0,0.0,0.0,0.0
2026-05-01,SKU-1021,Azucar 1kg,Despensa,Sur,Pausado,0.22258244263208551,0.0,0.0,0.0,0.0
2026-05-01,SKU-1022,Harina 1kg,Despensa,Centro,Activo,0.4990558403021311,6582.277182293397,6939.741086274647,7494.920373176619,6939.741086274647
2026-05-01,SKU-1022,Harina 1kg,Despensa,Norte,Activo,0.2606861711258798,3438.30989915375,3625.0342873267564,3915.037030312897,3625.0342873267564
2026-05-01,SKU-1022,Harina 1kg,Despensa,Sur,Activo,0.2402579885719891,3168.873196802379,3340.9652787337945,3608.242501032498,3340.9652787337945
2026-05-01,SKU-1023,Salsa Tomate 200g,Despensa,Centro,Activo,0.5500929297044072,7215.632059699672,7215.632059699672,7792.8826244756465,7215.632059699672
2026-05-01,SKU-1023,Salsa Tomate 200g,Despensa,Norte,Activo,0.22634111566565673,2968.9423776140925,2968.9423776140925,3206.45776782322,2968.9423776140925
2026-05-01,SKU-1023,Salsa Tomate 200g,Despensa,Sur,Activo,0.2235659546299361,2932.540271971805,2932.540271971805,3167.1434937295494,2932.540271971805
2026-05-01,SKU-1024,Atun Lomitos 160g,Despensa,Centro,Activo,0.5475592470096735,6849.091376987174,7804.53763190371,8428.900642456007,7804.53763190371
2026-05-01,SKU-1024,Atun Lomitos 160g,Despensa,Norte,Activo,0.24211076020192476,3028.4188040486456,3450.882346346996,3726.9529340547565,3450.882346346996
2026-05-01,SKU-1024,Atun Lomitos 160g,Despensa,Sur,Activo,0.21032999278840175,2630.8921779625557,2997.9008715491877,3237.7329412731233,2997.9008715491877
2026-05-01,SKU-1025,Legumbres Mix 500g,Despensa,Centro,Activo,0.510336922258157,4248.772131256487,4481.556052539442,4840.080536742598,4481.556052539442
2026-05-01,SKU-1025,Legumbres Mix 500g,Despensa,Norte,Activo,0.22724853645556148,1891.9408070435395,1995.59743683992,2155.245231787114,1995.59743683992
2026-05-01,SKU-1025,Legumbres Mix 500g,Despensa,Sur,Activo,0.26241454128628156,2184.7127676362975,2304.4099387756955,2488.7627338777515,2304.4099387756955
2026-05-01,SKU-1007,Galleta Avena 180g,Galletas,Centro,Activo,0.5076470588235295,4477.943213194469,4477.943213194469,4836.178670250027,4477.943213194469
2026-05-01,SKU-1007,Galleta Avena 180g,Galletas,Norte,Activo,0.22012605042016806,1941.7269072939762,1941.7269072939762,2097.065059877494,1941.7269072939762
2026-05-01,SKU-1007,Galleta Avena 180g,Galletas,Sur,Activo,0.2722268907563025,2401.3072403813076,2401.3072403813076,2593.4118196118125,2401.3072403813076
2026-05-01,SKU-1008,Galleta Chocolate 200g,Galletas,Centro,Activo,0.48025084977997945,7080.150943493004,7080.150943493004,7646.563018972444,7080.150943493004
2026-05-01,SKU-1008,Galleta Chocolate 200g,Galletas,Norte,Activo,0.24405154014386973,3597.9566574471746,3597.9566574471746,3885.793190042949,3597.9566574471746
2026-05-01,SKU-1008,Galleta Chocolate 200g,Galletas,Sur,Activo,0.27569761007615085,4064.502322054609,4064.502322054609,4389.662507818978,4064.502322054609
2026-05-01,SKU-1009,Galleta Salada 150g,Galletas,Centro,Activo,0.4890406930715465,6745.789640369351,7136.629267205359,7707.559608581789,7136.629267205359
2026-05-01,SKU-1009,Galleta Salada 150g,Galletas,Norte,Activo,0.23954398425659934,3304.251262327078,3495.693984260164,3775.349503000978,3495.693984260164
2026-05-01,SKU-1009,Galleta Salada 150g,Galletas,Sur,Activo,0.27141532267185414,3743.882048787782,3960.7962339129094,4277.659932625943,3960.7962339129094
2026-05-01,SKU-1010,Barra Cereal Pack 6,Galletas,Centro,Activo,0.4927757483234284,4146.003336964988,4146.003336964988,4477.683603922187,4146.003336964988
2026-05-01,SKU-1010,Barra Cereal Pack 6,Galletas,Norte,Activo,0.22699598349781,1909.8466356381462,1909.8466356381462,2062.634366489198,1909.8466356381462
2026-05-01,SKU-1010,Barra Cereal Pack 6,Galletas,Sur,Activo,0.2802282681787616,2357.720198150887,2357.720198150887,2546.337814002958,2357.720198150887
2026-05-01,SKU-1011,Snack Mix 120g,Galletas,Centro,Activo,0.5681860121793689,6186.299552050663,6539.974079071929,7063.172005397683,6539.974079071929
2026-05-01,SKU-1011,Snack Mix 120g,Galletas,Norte,Activo,0.20320477332841239,2212.454321771069,2338.9416878005973,2526.057022824645,2338.9416878005973
2026-05-01,SKU-1011,Snack Mix 120g,Galletas,Sur,Activo,0.22860921449221874,2489.052970141419,2631.353649980602,2841.8619419790502,2631.353649980602
2026-05-01,SKU-1001,Yogurt Natural 1L,Lacteos,Centro,Activo,0.42591235374531544,6122.967792397453,6122.967792397453,6612.80521578925,6122.967792397453
2026-05-01,SKU-1001,Yogurt Natural 1L,Lacteos,Norte,Activo,0.2687291760877814,3863.283315437495,3863.283315437495,4172.345980672495,3863.283315437495
2026-05-01,SKU-1001,Yogurt Natural 1L,Lacteos,Sur,Activo,0.30535847016690315,4389.870501586199,4389.870501586199,4741.060141713096,4389.870501586199
2026-05-01,SKU-1002,Yogurt Frutado Pack 4,Lacteos,Centro,Activo,0.48678571428571427,1761.5737181774036,1855.569635986365,2004.0152068652746,1855.569635986365
2026-05-01,SKU-1002,Yogurt Frutado Pack 4,Lacteos,Norte,Activo,0.23294642857142858,842.9834612481376,887.9642663771876,959.0014076873628,887.9642663771876
2026-05-01,SKU-1002,Yogurt Frutado Pack 4,Lacteos,Sur,Activo,0.2802678571428571,1014.2296224062491,1068.3479617316948,1153.8157986702306,1068.3479617316948
2026-05-01,SKU-1003,Leche Entera 1L,Lacteos,Centro,Activo,0.5531010259728256,2061.5670610758907,2061.5670610758907,2226.492425961962,2061.5670610758907
2026-05-01,SKU-1003,Leche Entera 1L,Lacteos,Norte,Activo,0.21693317312136057,808.5725087475125,808.5725087475125,873.2583094473136,808.5725087475125
2026-05-01,SKU-1003,Leche Entera 1L,Lacteos,Sur,Activo,0.22996580090581384,857.1488716505373,857.1488716505373,925.7207813825804,857.1488716505373
2026-05-01,SKU-1004,Leche Descremada 1L,Lacteos,Centro,Activo,0.49160707191100517,3207.250998099529,3567.6617794516233,3853.074721807753,3567.6617794516233
2026-05-01,SKU-1004,Leche Descremada 1L,Lacteos,Norte,Activo,0.24354390147000396,1588.8836139690968,1767.4324039226951,1908.826996236511,1767.4324039226951
2026-05-01,SKU-1004,Leche Descremada 1L,Lacteos,Sur,Activo,0.26484902661899085,1727.8785304439627,1922.0466986377921,2075.8104345288157,1922.0466986377921
2026-05-01,SKU-1005,Queso Untable 250g,Lacteos,Centro,Activo,0.5131403415154749,2689.2118724019256,2689.2118724019256,2904.3488221940797,2689.2118724019256
2026-05-01,SKU-1005,Queso Untable 250g,Lacteos,Norte,Activo,0.2373265741728922,1243.7561214098598,1243.7561214098598,1343.2566111226486,1243.7561214098598
2026-05-01,SKU-1005,Queso Untable 250g,Lacteos,Sur,Activo,0.24953308431163287,1307.7267145009234,1307.7267145009234,1412.3448516609974,1307.7267145009234
2026-05-01,SKU-1006,Manjar 400g,Lacteos,Centro,Activo,0.5242378810594702,3274.720392139796,3555.352546878181,3839.7807506284357,3555.352546878181
2026-05-01,SKU-1006,Manjar 400g,Lacteos,Norte,Activo,0.21889055472263869,1367.3284382814402,1484.503732633597,1603.2640312442852,1484.503732633597
2026-05-01,SKU-1006,Manjar 400g,Lacteos,Sur,Activo,0.25687156421789104,1604.581774604247,1742.0888551910248,1881.455963606307,1742.0888551910248
2026-06-01,SKU-1012,Jugo Naranja 1L,Bebidas,Centro,Activo,0.5038905374216947,5289.240912535752,5289.240912535752,5712.380185538612,5289.240912535752
2026-06-01,SKU-1012,Jugo Naranja 1L,Bebidas,Norte,Activo,0.2254533465215958,2366.539904463749,2366.539904463749,2555.863096820849,2366.539904463749
2026-06-01,SKU-1012,Jugo Naranja 1L,Bebidas,Sur,Activo,0.27065611605670953,2841.02457966407,2841.02457966407,3068.3065460371963,2841.02457966407
2026-06-01,SKU-1013,Jugo Manzana 1L,Bebidas,Centro,Activo,0.5141790043386859,6951.992749081437,6951.992749081437,7508.152169007953,6951.992749081437
2026-06-01,SKU-1013,Jugo Manzana 1L,Bebidas,Norte,Activo,0.24614214787314934,3327.981914505254,3327.981914505254,3594.2204676656743,3327.981914505254
2026-06-01,SKU-1013,Jugo Manzana 1L,Bebidas,Sur,Activo,0.23967884778816478,3240.5944192034167,3240.5944192034167,3499.8419727396904,3240.5944192034167
2026-06-01,SKU-1014,Agua Saborizada 500ml,Bebidas,Centro,Activo,0.4993712097923595,5472.654330502474,5892.663311193958,6364.076376089475,5892.663311193958
2026-06-01,SKU-1014,Agua Saborizada 500ml,Bebidas,Norte,Activo,0.20389570466422602,2234.5115001033105,2406.003218897035,2598.4834764087977,2406.003218897035
2026-06-01,SKU-1014,Agua Saborizada 500ml,Bebidas,Sur,Activo,0.2967330855434145,3251.9247681053935,3501.4997503082127,3781.61973033287,3501.4997503082127
2026-06-01,SKU-1015,Bebida Isotonica 600ml,Bebidas,Centro,Activo,0.5595984098106597,2447.6421470320565,2697.249489271246,2913.0294484129463,2697.249489271246
2026-06-01,SKU-1015,Bebida Isotonica 600ml,Bebidas,Norte,Activo,0.2241088875412708,980.2357352231933,1080.1988923920728,1166.6148037834387,1080.1988923920728
2026-06-01,SKU-1015,Bebida Isotonica 600ml,Bebidas,Sur,Activo,0.21629270264806955,946.0483193224445,1042.5250885684165,1125.92709565389,1042.5250885684165
2026-06-01,SKU-1016,Te Helado 1.5L,Bebidas,Centro,Activo,0.5074061882817643,1980.0117941979254,1980.0117941979254,2138.4127377337595,1980.0117941979254
2026-06-01,SKU-1016,Te Helado 1.5L,Bebidas,Norte,Activo,0.2647300855826201,1033.035670115914,1033.035670115914,1115.678523725187,1033.035670115914
2026-06-01,SKU-1016,Te Helado 1.5L,Bebidas,Sur,Activo,0.22786372613561554,889.1749364473005,889.1749364473005,960.3089313630846,889.1749364473005
2026-06-01,SKU-1017,Nectar Durazno 1L,Bebidas,Centro,Activo,0.4975586328343873,2066.8690069337295,2168.1759397101123,2341.630014886921,2168.1759397101123
2026-06-01,SKU-1017,Nectar Durazno 1L,Bebidas,Norte,Activo,0.2417353718082126,1004.1738096750101,1053.3930723816825,1137.6645181722172,1053.3930723816825
2026-06-01,SKU-1017,Nectar Durazno 1L,Bebidas,Sur,Activo,0.26070599535740013,1082.9781781826184,1136.060012167927,1226.9448131413612,1136.060012167927
2026-06-01,SKU-1018,Arroz Grano Largo 1kg,Despensa,Centro,Activo,0.5268707482993197,4408.7989439208895,4641.633456817073,5012.9641333624395,4641.633456817073
2026-06-01,SKU-1018,Arroz Grano Largo 1kg,Despensa,Norte,Activo,0.25430839002267575,2128.0258298288268,2240.4096930580367,2419.64246850268,2240.4096930580367
2026-06-01,SKU-1018,Arroz Grano Largo 1kg,Despensa,Sur,Activo,0.21882086167800455,1831.0699293667567,1927.771158092738,2081.992850740157,1927.771158092738
2026-06-01,SKU-1019,Fideos Spaghetti 400g,Despensa,Centro,Activo,0.5422219333029968,1453.6934980343017,1540.1791210182112,1663.3934506996682,1540.1791210182112
2026-06-01,SKU-1019,Fideos Spaghetti 400g,Despensa,Norte,Activo,0.21920301631671327,587.6818697244533,622.6452459025786,672.456865574785,622.6452459025786
2026-06-01,SKU-1019,Fideos Spaghetti 400g,Despensa,Sur,Activo,0.23857505038028992,639.6181678199121,677.6714271834114,731.8851413580844,677.6714271834114
2026-06-01,SKU-1020,Aceite Vegetal 900ml,Despensa,Centro,Activo,0.5008417135515881,8496.773687951512,8496.773687951512,9176.515582987635,8496.773687951512
2026-06-01,SKU-1020,Aceite Vegetal 900ml,Despensa,Norte,Activo,0.22214592654941745,3768.702990423499,3768.702990423499,4070.1992296573794,3768.702990423499
2026-06-01,SKU-1020,Aceite Vegetal 900ml,Despensa,Sur,Activo,0.27701235989899436,4699.511376830818,4699.511376830818,5075.472286977284,4699.511376830818
2026-06-01,SKU-1021,Azucar 1kg,Despensa,Centro,Pausado,0.5058267878227836,0.0,0.0,0.0,0.0
2026-06-01,SKU-1021,Azucar 1kg,Despensa,Norte,Pausado,0.22388212947276553,0.0,0.0,0.0,0.0
2026-06-01,SKU-1021,Azucar 1kg,Despensa,Sur,Pausado,0.27029108270445096,0.0,0.0,0.0,0.0
2026-06-01,SKU-1022,Harina 1kg,Despensa,Centro,Activo,0.5054116264263676,6518.590996270704,6518.590996270704,7040.078275972361,6518.590996270704
2026-06-01,SKU-1022,Harina 1kg,Despensa,Norte,Activo,0.22346833831235613,2882.202588758064,2882.202588758064,3112.778795858709,2882.202588758064
2026-06-01,SKU-1022,Harina 1kg,Despensa,Sur,Activo,0.27112003526127626,3496.7945499374628,3496.7945499374628,3776.53811393246,3496.7945499374628
2026-06-01,SKU-1023,Salsa Tomate 200g,Despensa,Centro,Activo,0.5167990781733277,5861.500400488527,5861.500400488527,6330.42043252761,5861.500400488527
2026-06-01,SKU-1023,Salsa Tomate 200g,Despensa,Norte,Activo,0.23445933652738188,2659.222032305186,2659.222032305186,2871.959794889601,2659.222032305186
2026-06-01,SKU-1023,Salsa Tomate 200g,Despensa,Sur,Activo,0.24874158529929044,2821.21033768746,2821.21033768746,3046.9071647024575,2821.21033768746
2026-06-01,SKU-1024,Atun Lomitos 160g,Despensa,Centro,Activo,0.5402844918597544,6881.477622235081,6881.477622235081,7431.9958320138885,6881.477622235081
2026-06-01,SKU-1024,Atun Lomitos 160g,Despensa,Norte,Activo,0.22092570984052898,2813.879264257385,2813.879264257385,3038.9896053979764,2813.879264257385
2026-06-01,SKU-1024,Atun Lomitos 160g,Despensa,Sur,Activo,0.2387897982997166,3041.409994503549,3041.409994503549,3284.7227940638336,3041.409994503549
2026-06-01,SKU-1025,Legumbres Mix 500g,Despensa,Centro,Activo,0.5089120412386103,4920.436930395765,4920.436930395765,5314.0718848274255,4920.436930395765
2026-06-01,SKU-1025,Legumbres Mix 500g,Despensa,Norte,Activo,0.24155080408029914,2335.443850121508,2335.443850121508,2522.2793581312285,2335.443850121508
2026-06-01,SKU-1025,Legumbres Mix 500g,Despensa,Sur,Activo,0.2495371546810905,2412.660208255973,2412.660208255973,2605.673024916451,2412.660208255973
2026-06-01,SKU-1007,Galleta Avena 180g,Galletas,Centro,Activo,0.5104725818334912,3557.6736755608067,3908.2497451082954,4220.909724716959,3908.2497451082954
2026-06-01,SKU-1007,Galleta Avena 180g,Galletas,Norte,Activo,0.25865698347542365,1802.676919111481,1980.3141749698218,2138.739308967408,1980.3141749698218
2026-06-01,SKU-1007,Galleta Avena 180g,Galletas,Sur,Activo,0.23087043469108515,1609.0221046067277,1767.5764568855764,1908.9825734364226,1767.5764568855764
2026-06-01,SKU-1008,Galleta Chocolate 200g,Galletas,Centro,Activo,0.4720536640261259,7834.437679149283,8539.587926397002,9222.754960508762,8539.587926397002
2026-06-01,SKU-1008,Galleta Chocolate 200g,Galletas,Norte,Activo,0.2522120964716785,4185.837548388552,4562.590099505339,4927.597307465767,4562.590099505339
2026-06-01,SKU-1008,Galleta Chocolate 200g,Galletas,Sur,Activo,0.27573423950219556,4576.222747564598,4988.112500736546,5387.161500795471,4988.112500736546
2026-06-01,SKU-1009,Galleta Salada 150g,Galletas,Centro,Activo,0.5019184652278178,7962.598982848198,7962.598982848198,8599.606901476054,7962.598982848198
2026-06-01,SKU-1009,Galleta Salada 150g,Galletas,Norte,Activo,0.25687450039968024,4075.141237678401,4075.141237678401,4401.1525366926735,4075.141237678401
2026-06-01,SKU-1009,Galleta Salada 150g,Galletas,Sur,Activo,0.241207034372502,3826.587423275113,3826.587423275113,4132.714417137122,3826.587423275113
2026-06-01,SKU-1010,Barra Cereal Pack 6,Galletas,Centro,Activo,0.526063533345718,4450.128896117254,4450.128896117254,4806.139207806636,4450.128896117254
2026-06-01,SKU-1010,Barra Cereal Pack 6,Galletas,Norte,Activo,0.22429871818688463,1897.4099968825385,1897.4099968825385,2049.202796633142,1897.4099968825385
2026-06-01,SKU-1010,Barra Cereal Pack 6,Galletas,Sur,Activo,0.24963774846739736,2111.760438803011,2111.760438803011,2280.701273907252,2111.760438803011
2026-06-01,SKU-1011,Snack Mix 120g,Galletas,Centro,Activo,0.5603246346210946,5752.200170538787,6409.913770576978,6922.706872223137,6409.913770576978
2026-06-01,SKU-1011,Snack Mix 120g,Galletas,Norte,Activo,0.21592821088053843,2216.6833558747267,2470.1416408635378,2667.752972132621,2470.1416408635378
2026-06-01,SKU-1011,Snack Mix 120g,Galletas,Sur,Activo,0.22374715449836693,2296.951339884247,2559.5875642989326,2764.354569442847,2559.5875642989326
2026-06-01,SKU-1001,Yogurt Natural 1L,Lacteos,Centro,Activo,0.4971727280123668,7934.251717459664,7934.251717459664,8568.991854856436,7934.251717459664
2026-06-01,SKU-1001,Yogurt Natural 1L,Lacteos,Norte,Activo,0.2569766495809942,4101.024268640731,4101.024268640731,4429.106210131989,4101.024268640731
2026-06-01,SKU-1001,Yogurt Natural 1L,Lacteos,Sur,Activo,0.245850622406639,3923.4668620437324,3923.4668620437324,4237.344211007231,3923.4668620437324
2026-06-01,SKU-1002,Yogurt Frutado Pack 4,Lacteos,Centro,Activo,0.5056666666666667,1537.5369667267908,1537.5369667267908,1660.5399240649342,1537.5369667267908
2026-06-01,SKU-1002,Yogurt Frutado Pack 4,Lacteos,Norte,Activo,0.2378888888888889,723.3282016616258,723.3282016616258,781.1944577945559,723.3282016616258
2026-06-01,SKU-1002,Yogurt Frutado Pack 4,Lacteos,Sur,Activo,0.2564444444444444,779.7484770831537,779.7484770831537,842.1283552498061,779.7484770831537
2026-06-01,SKU-1003,Leche Entera 1L,Lacteos,Centro,Activo,0.5355847055540051,1976.8455631521592,1976.8455631521592,2134.993208204332,1976.8455631521592
2026-06-01,SKU-1003,Leche Entera 1L,Lacteos,Norte,Activo,0.21155456321518282,780.8488467271166,780.8488467271166,843.316754465286,780.8488467271166
2026-06-01,SKU-1003,Leche Entera 1L,Lacteos,Sur,Activo,0.25286073123081215,933.3100991223846,933.3100991223846,1007.9749070521754,933.3100991223846
2026-06-01,SKU-1004,Leche Descremada 1L,Lacteos,Centro,Activo,0.5393078889700511,3842.204558035537,3842.204558035537,4149.58092267838,3842.204558035537
2026-06-01,SKU-1004,Leche Descremada 1L,Lacteos,Norte,Activo,0.22717311906501095,1618.4550817561021,1618.4550817561021,1747.9314882965903,1618.4550817561021
2026-06-01,SKU-1004,Leche Descremada 1L,Lacteos,Sur,Activo,0.23351899196493792,1663.6651413148036,1663.6651413148036,1796.758352619988,1663.6651413148036
2026-06-01,SKU-1005,Queso Untable 250g,Lacteos,Centro,Activo,0.5027956221746371,2799.9499588441204,2799.9499588441204,3023.94595555165,2799.9499588441204
2026-06-01,SKU-1005,Queso Untable 250g,Lacteos,Norte,Activo,0.2201403759219605,1225.909712253885,1225.909712253885,1323.9824892341958,1225.909712253885
2026-06-01,SKU-1005,Queso Untable 250g,Lacteos,Sur,Activo,0.27706400190340236,1542.9039285810852,1542.9039285810852,1666.3362428675723,1542.9039285810852
2026-06-01,SKU-1006,Manjar 400g,Lacteos,Centro,Activo,0.4941970879932475,3193.008690619031,3193.008690619031,3448.4493858685537,3193.008690619031
2026-06-01,SKU-1006,Manjar 400g,Lacteos,Norte,Activo,0.2486811563621017,1606.7296079822918,1606.7296079822918,1735.2679766208753,1606.7296079822918
2026-06-01,SKU-1006,Manjar 400g,Lacteos,Sur,Activo,0.2571217556446508,1661.2643422371004,1661.2643422371004,1794.1654896160685,1661.2643422371004
