Fecha,Mes_Calendario,SKU,Producto,Categoria,Estado_SKU,Nivel_Actual,Indice_Estacional,Pronostico_Modelo_Sin_Promocion,Anios_Con_Promocion,Promocion_Recurrente,Proporcion_Promocion_Esperada,Factor_Promocional_SKU,Multiplicador_Promo_Recurrente,Pronostico_Promo_Recurrente,Pronostico_Recomendado,Proteccion_Sesgo_pct,Pronostico_Protegido,Ajuste_Manual_pct,Ajuste_Manual_Unidades,Pronostico_Final,Regla_Pausa_Aplicada,Venta_Mismo_Mes_2023,Venta_Mismo_Mes_2024,Venta_Mismo_Mes_2025,Variacion_Recomendado_vs_2025_pct
2026-01-01,1,SKU-1012,Jugo Naranja 1L,Bebidas,Activo,8621.325069420065,0.6849345510883279,5905.04341620978,0,False,0.0,1.675392670157068,1.0,5905.04341620978,5905.04341620978,0.08,6377.446889506563,0.0,0.0,5905.04341620978,False,5095.0,5549.0,6131.0,-3.6854768192826626
2026-01-01,1,SKU-1013,Jugo Manzana 1L,Bebidas,Activo,10344.166433122093,0.7083670190341907,7327.466340624234,2,True,0.14814814814814814,1.6965448589199297,1.1031918309511006,8083.60100854581,8083.60100854581,0.08,8730.289089229476,0.0,0.0,8083.60100854581,False,9174.0,8498.0,8747.0,-7.584303091965127
2026-01-01,1,SKU-1014,Agua Saborizada 500ml,Bebidas,Activo,8239.544034220507,0.664444917812945,5474.723158633787,2,True,0.07407407407407407,1.690721649484536,1.0511645666284841,5754.83499645621,5754.83499645621,0.08,6215.221796172707,0.0,0.0,5754.83499645621,False,4997.0,5605.0,6996.0,-17.741066374268012
2026-01-01,1,SKU-1015,Bebida Isotonica 600ml,Bebidas,Activo,5802.684360827108,1.2649322273483983,7340.002453140751,0,False,0.0,1.6883561643835616,1.0,7340.002453140751,7340.002453140751,0.08,7927.202649392011,0.0,0.0,7340.002453140751,False,7238.0,7067.0,6991.0,4.992167832080541
2026-01-01,1,SKU-1016,Te Helado 1.5L,Bebidas,Activo,3037.0150902677233,0.71684786281791,2177.0777768041594,1,False,0.0,1.5667870036101084,1.0,2177.0777768041594,2177.0777768041594,0.08,2351.2439989484924,0.0,0.0,2177.0777768041594,False,2026.0,2442.0,2158.0,0.8840489714624367
2026-01-01,1,SKU-1017,Nectar Durazno 1L,Bebidas,Activo,4105.272591656461,1.0762637099204628,4418.355909730976,2,True,0.1111111111111111,1.6616982440073014,1.0735220271119224,4743.202392716339,4743.202392716339,0.08,5122.658584133646,0.0,0.0,4743.202392716339,False,4830.0,4509.0,4388.0,8.094858539570172
2026-01-01,1,SKU-1018,Arroz Grano Largo 1kg,Despensa,Activo,10908.211013621123,1.3610639057964036,14846.772287450513,0,False,0.0,1.7129528844658684,1.0,14846.772287450513,14846.772287450513,0.08,16034.514070446554,0.0,0.0,14846.772287450513,False,15473.0,14859.0,15047.0,-1.330681946896306
2026-01-01,1,SKU-1019,Fideos Spaghetti 400g,Despensa,Activo,3641.221022956703,1.324801856926535,4823.896372692978,1,False,0.0,1.8031651182739419,1.0,4823.896372692978,4823.896372692978,0.08,5209.808082508416,0.0,0.0,4823.896372692978,False,4446.0,4272.0,5134.0,-6.040195311784613
2026-01-01,1,SKU-1020,Aceite Vegetal 900ml,Despensa,Activo,13407.560341055967,0.6212460295012372,8329.393627179274,2,True,0.07407407407407407,1.72162451140297,1.053453667511331,8774.630264697515,8774.630264697515,0.08,9476.600685873316,0.0,0.0,8774.630264697515,False,6703.0,9020.0,7740.0,13.367316081363235
2026-01-01,1,SKU-1021,Azucar 1kg,Despensa,Pausado,0.0,1.184821728976053,0.0,1,False,0.0,2.4424173318129987,1.0,0.0,0.0,0.08,0.0,0.0,0.0,0.0,True,5648.0,6653.0,6055.0,-100.0
2026-01-01,1,SKU-1022,Harina 1kg,Despensa,Activo,12794.154521131673,0.9714163754244746,12428.451211538384,2,True,0.14814814814814814,1.733144863107313,1.108614053793676,13778.355680000492,13778.355680000492,0.08,14880.624134400532,0.0,0.0,13778.355680000492,False,15028.0,13591.0,12454.0,10.633978480813333
2026-01-01,1,SKU-1023,Salsa Tomate 200g,Despensa,Activo,12064.334396064447,1.0139834765683504,12233.035733404558,2,True,0.07407407407407407,1.5941085046692045,1.044008037382904,12771.387627266626,12771.387627266626,0.08,13793.098637447956,0.0,0.0,12771.387627266626,False,11752.0,12684.0,11635.0,9.766975739292016
2026-01-01,1,SKU-1024,Atun Lomitos 160g,Despensa,Activo,11949.212686038616,1.007698949332297,12041.209069069268,1,False,0.0,1.7532984293193716,1.0,12041.209069069268,12041.209069069268,0.08,13004.50579459481,0.0,0.0,12041.209069069268,False,12214.0,10972.0,12073.0,-0.2633225456036836
2026-01-01,1,SKU-1025,Legumbres Mix 500g,Despensa,Activo,7383.381479854536,0.6537623334287964,4826.976704864662,3,True,0.1111111111111111,1.7396449704142012,1.0821827744904668,5223.671042871291,5223.671042871291,0.08,5641.564726300995,0.0,0.0,5223.671042871291,False,4170.0,4919.0,4903.0,6.5403027303954975
2026-01-01,1,SKU-1007,Galleta Avena 180g,Galletas,Activo,10370.699220313321,1.1916296590416209,12358.032775925167,3,True,0.1111111111111111,1.8868673503142575,1.0985408167015842,13575.803418489779,13575.803418489779,0.08,14661.867691968962,0.0,0.0,13575.803418489779,False,10283.0,11900.0,13844.0,-1.9372766650550544
2026-01-01,1,SKU-1008,Galleta Chocolate 200g,Galletas,Activo,12890.559799648414,0.6747922463137556,8698.449803446549,1,False,0.0,1.8100584222042841,1.0,8698.449803446549,8698.449803446549,0.08,9394.325787722273,0.0,0.0,8698.449803446549,False,6741.0,7479.0,7827.0,11.133892978747273
2026-01-01,1,SKU-1009,Galleta Salada 150g,Galletas,Activo,12464.112981030852,0.6311779984151127,7867.073883386876,1,False,0.0,1.7821671358843614,1.0,7867.073883386876,7867.073883386876,0.08,8496.439794057827,0.0,0.0,7867.073883386876,False,7481.0,8143.0,10823.0,-27.311522836673042
2026-01-01,1,SKU-1010,Barra Cereal Pack 6,Galletas,Activo,8169.252813305955,1.0512089103235656,8587.591348033075,1,False,0.0,1.6293423816448538,1.0,8587.591348033075,8587.591348033075,0.08,9274.598655875721,0.0,0.0,8587.591348033075,False,11332.0,8591.0,9530.0,-9.888863084647692
2026-01-01,1,SKU-1011,Snack Mix 120g,Galletas,Activo,10140.199785958148,0.9753283650719689,9890.024478741689,1,False,0.0,1.7718032524313152,1.0,9890.024478741689,9890.024478741689,0.08,10681.226437041025,0.0,0.0,9890.024478741689,False,7495.0,8860.0,10088.0,-1.9624853415772359
2026-01-01,1,SKU-1001,Yogurt Natural 1L,Lacteos,Activo,12306.463968531356,0.6331935961417089,7792.374176022736,1,False,0.0,1.9050386657544744,1.0,7792.374176022736,7792.374176022736,0.08,8415.764110104556,0.0,0.0,7792.374176022736,False,9057.0,7784.0,8174.0,-4.668776902095228
2026-01-01,1,SKU-1002,Yogurt Frutado Pack 4,Lacteos,Activo,4448.196761255631,1.319880261274169,5871.087103444994,0,False,0.0,1.7203473106614469,1.0,5871.087103444994,5871.087103444994,0.08,6340.774071720593,0.0,0.0,5871.087103444994,False,5492.0,5400.0,6486.0,-9.48061820158813
2026-01-01,1,SKU-1003,Leche Entera 1L,Lacteos,Activo,3663.165957646297,0.9891776421755483,3623.5218648822984,3,True,0.1111111111111111,1.7639887438376745,1.084887638204186,3931.1140779733846,3931.1140779733846,0.08,4245.603204211256,0.0,0.0,3931.1140779733846,False,3342.0,3748.0,3748.0,4.885647758094569
2026-01-01,1,SKU-1004,Leche Descremada 1L,Lacteos,Activo,5704.585000851087,0.6517917203379306,3718.2012715186856,1,False,0.0,1.7585227272727273,1.0,3718.2012715186856,3718.2012715186856,0.08,4015.6573732401807,0.0,0.0,3718.2012715186856,False,3790.0,3810.0,3293.0,12.912276693552549
2026-01-01,1,SKU-1005,Queso Untable 250g,Lacteos,Activo,4447.8668566142305,0.6667636555986803,2965.6759649323158,0,False,0.0,1.5603271983640081,1.0,2965.6759649323158,2965.6759649323158,0.08,3202.9300421269013,0.0,0.0,2965.6759649323158,False,2538.0,2883.0,2919.0,1.5990395660265833
2026-01-01,1,SKU-1006,Manjar 400g,Lacteos,Activo,5212.982569886166,0.6819479907282617,3554.982989235321,0,False,0.0,1.7712687161651397,1.0,3554.982989235321,3554.982989235321,0.08,3839.3816283741467,0.0,0.0,3554.982989235321,False,3406.0,3397.0,3627.0,-1.9855806662442577
2026-02-01,2,SKU-1012,Jugo Naranja 1L,Bebidas,Activo,8621.325069420065,0.732433639362777,6314.548496724884,1,False,0.0,1.675392670157068,1.0,6314.548496724884,6314.548496724884,0.08,6819.712376462875,0.0,0.0,6314.548496724884,False,6047.0,5931.0,6074.0,3.960297937518664
2026-02-01,2,SKU-1013,Jugo Manzana 1L,Bebidas,Activo,10344.166433122093,0.7022683003936135,7264.38017997732,1,False,0.0,1.6965448589199297,1.0,7264.38017997732,7264.38017997732,0.08,7845.530594375507,0.0,0.0,7264.38017997732,False,9169.0,9806.0,7462.0,-2.648349236433667
2026-02-01,2,SKU-1014,Agua Saborizada 500ml,Bebidas,Activo,8239.544034220507,0.7397393288631028,6095.114774012261,2,True,0.1111111111111111,1.690721649484536,1.0767468499427262,6562.895632957073,6562.895632957073,0.08,7087.927283593639,0.0,0.0,6562.895632957073,False,6034.0,5556.0,7960.0,-17.55156240003677
2026-02-01,2,SKU-1015,Bebida Isotonica 600ml,Bebidas,Activo,5802.684360827108,1.2479506457385354,7241.463695111091,2,True,0.07407407407407407,1.6883561643835616,1.0509893455098935,7610.70118945846,7610.70118945846,0.08,8219.557284615137,0.0,0.0,7610.70118945846,False,7291.0,8038.0,7199.0,5.718866362806785
2026-02-01,2,SKU-1016,Te Helado 1.5L,Bebidas,Activo,3037.0150902677233,0.7354419734555779,2233.5483714008647,1,False,0.0,1.5667870036101084,1.0,2233.5483714008647,2233.5483714008647,0.08,2412.232241112934,0.0,0.0,2233.5483714008647,False,2466.0,2391.0,2278.0,-1.9513445390314077
2026-02-01,2,SKU-1017,Nectar Durazno 1L,Bebidas,Activo,4105.272591656461,0.9849637307778493,4043.5446077379984,1,False,0.0,1.6616982440073014,1.0,4043.5446077379984,4043.5446077379984,0.08,4367.028176357038,0.0,0.0,4043.5446077379984,False,3906.0,3887.0,4291.0,-5.766846708506213
2026-02-01,2,SKU-1018,Arroz Grano Largo 1kg,Despensa,Activo,10908.211013621123,1.221434972445841,13323.670418855736,1,False,0.0,1.7129528844658684,1.0,13323.670418855736,13323.670418855736,0.08,14389.564052364196,0.0,0.0,13323.670418855736,False,15006.0,13654.0,12894.0,3.3323283609099974
2026-02-01,2,SKU-1019,Fideos Spaghetti 400g,Despensa,Activo,3641.221022956703,1.2591854001938128,4584.97235098586,0,False,0.0,1.8031651182739419,1.0,4584.97235098586,4584.97235098586,0.08,4951.77013906473,0.0,0.0,4584.97235098586,False,4110.0,3970.0,4453.0,2.963672826989905
2026-02-01,2,SKU-1020,Aceite Vegetal 900ml,Despensa,Activo,13407.560341055967,0.7156808532081832,9595.534224327133,1,False,0.0,1.72162451140297,1.0,9595.534224327133,9595.534224327133,0.08,10363.176962273305,0.0,0.0,9595.534224327133,False,6826.0,10525.0,9439.0,1.6583772044404421
2026-02-01,2,SKU-1021,Azucar 1kg,Despensa,Pausado,0.0,1.2419352195776794,0.0,2,True,0.0,2.4424173318129987,1.0,0.0,0.0,0.08,0.0,0.0,0.0,0.0,True,5841.0,6499.0,8821.0,-100.0
2026-02-01,2,SKU-1022,Harina 1kg,Despensa,Activo,12794.154521131673,1.047070762211855,13396.385126297591,1,False,0.0,1.733144863107313,1.0,13396.385126297591,13396.385126297591,0.08,14468.0959364014,0.0,0.0,13396.385126297591,False,13696.0,13469.0,13044.0,2.701511241165222
2026-02-01,2,SKU-1023,Salsa Tomate 200g,Despensa,Activo,12064.334396064447,1.0342778120493437,12477.873382993175,1,False,0.0,1.5941085046692045,1.0,12477.873382993175,12477.873382993175,0.08,13476.10325363263,0.0,0.0,12477.873382993175,False,11531.0,12822.0,12554.0,-0.6063933169254798
2026-02-01,2,SKU-1024,Atun Lomitos 160g,Despensa,Activo,11949.212686038616,1.0414340150102035,12444.316543832054,2,True,0.07407407407407407,1.7532984293193716,1.0557998836532867,13138.707959122554,13138.707959122554,0.08,14189.80459585236,0.0,0.0,13138.707959122554,False,11037.0,11102.0,12947.0,1.4807133631154157
2026-02-01,2,SKU-1025,Legumbres Mix 500g,Despensa,Activo,7383.381479854536,0.6984131812045593,5156.650947392033,2,True,0.07407407407407407,1.7396449704142012,1.054788516326978,5439.176202015748,5439.176202015748,0.08,5874.310298177008,0.0,0.0,5439.176202015748,False,5255.0,4582.0,5627.0,-3.3379029320108833
2026-02-01,2,SKU-1007,Galleta Avena 180g,Galletas,Activo,10370.699220313321,1.252782270726376,12992.22811824438,0,False,0.0,1.8868673503142575,1.0,12992.22811824438,12992.22811824438,0.08,14031.606367703931,0.0,0.0,12992.22811824438,False,10126.0,11623.0,12445.0,4.397172504976932
2026-02-01,2,SKU-1008,Galleta Chocolate 200g,Galletas,Activo,12890.559799648414,0.6405487220863383,8257.031606642317,1,False,0.0,1.8100584222042841,1.0,8257.031606642317,8257.031606642317,0.08,8917.594135173702,0.0,0.0,8257.031606642317,False,5841.0,7616.0,7459.0,10.698908789949279
2026-02-01,2,SKU-1009,Galleta Salada 150g,Galletas,Activo,12464.112981030852,0.7484602094644338,9328.89261257072,0,False,0.0,1.7821671358843614,1.0,9328.89261257072,9328.89261257072,0.08,10075.20402157638,0.0,0.0,9328.89261257072,False,8830.0,9388.0,10565.0,-11.700022597532222
2026-02-01,2,SKU-1010,Barra Cereal Pack 6,Galletas,Activo,8169.252813305955,1.076912171180547,8797.567784100107,2,True,0.1111111111111111,1.6293423816448538,1.0699269312938726,9412.754702092063,9412.754702092063,0.08,10165.775078259428,0.0,0.0,9412.754702092063,False,10624.0,10088.0,9625.0,-2.205145952290255
2026-02-01,2,SKU-1011,Snack Mix 120g,Galletas,Activo,10140.199785958148,0.9740366868725502,9876.926603740418,2,True,0.07407407407407407,1.7718032524313152,1.0571706112912085,10441.596535354656,10441.596535354656,0.08,11276.92425818303,0.0,0.0,10441.596535354656,False,11033.0,8964.0,8824.0,18.331783038924023
2026-02-01,2,SKU-1001,Yogurt Natural 1L,Lacteos,Activo,12306.463968531356,0.7212674120542265,8876.251418121197,1,False,0.0,1.9050386657544744,1.0,8876.251418121197,8876.251418121197,0.08,9586.351531570894,0.0,0.0,8876.251418121197,False,8572.0,8745.0,9748.0,-8.94284552604434
2026-02-01,2,SKU-1002,Yogurt Frutado Pack 4,Lacteos,Activo,4448.196761255631,1.2459038114979937,5542.025299141422,2,True,0.07407407407407407,1.7203473106614469,1.0533590600489962,5837.742559871364,5837.742559871364,0.08,6304.761964661074,0.0,0.0,5837.742559871364,False,5438.0,5814.0,5814.0,0.40836876283736334
2026-02-01,2,SKU-1003,Leche Entera 1L,Lacteos,Activo,3663.165957646297,0.9886012000836354,3621.4102618346487,2,True,0.1111111111111111,1.7639887438376745,1.084887638204186,3928.8232259301953,3928.8232259301953,0.08,4243.129084004611,0.0,0.0,3928.8232259301953,False,2987.0,3792.0,3824.0,2.7411931467101303
2026-02-01,2,SKU-1004,Leche Descremada 1L,Lacteos,Activo,5704.585000851087,0.7385916685350351,4213.358954078539,0,False,0.0,1.7585227272727273,1.0,4213.358954078539,4213.358954078539,0.08,4550.4276704048225,0.0,0.0,4213.358954078539,False,3646.0,4004.0,4547.0,-7.337608223476167
2026-02-01,2,SKU-1005,Queso Untable 250g,Lacteos,Activo,4447.8668566142305,0.6869555267962122,3055.4867196048413,3,True,0.1111111111111111,1.5603271983640081,1.062258577596001,3245.71697663091,3245.71697663091,0.08,3505.3743347613827,0.0,0.0,3245.71697663091,False,2614.0,3220.0,3308.0,-1.8827999809277518
2026-02-01,2,SKU-1006,Manjar 400g,Lacteos,Activo,5212.982569886166,0.7349539975973353,3831.302379143068,2,True,0.07407407407407407,1.7712687161651397,1.0571310160122325,4050.1885767135946,4050.1885767135946,0.08,4374.203662850682,0.0,0.0,4050.1885767135946,False,3959.0,4113.0,3605.0,12.349197689697489
2026-03-01,3,SKU-1012,Jugo Naranja 1L,Bebidas,Activo,8621.325069420065,0.8021185845681191,6915.325061784864,0,False,0.0,1.675392670157068,1.0,6915.325061784864,6915.325061784864,0.08,7468.551066727654,0.0,0.0,6915.325061784864,False,6252.0,6626.0,6767.0,2.1918880121895024
2026-03-01,3,SKU-1013,Jugo Manzana 1L,Bebidas,Activo,10344.166433122093,0.8893039494371309,9199.108062610476,1,False,0.0,1.6965448589199297,1.0,9199.108062610476,9199.108062610476,0.08,9935.036707619314,0.0,0.0,9199.108062610476,False,10478.0,9180.0,11586.0,-20.601518534347697
2026-03-01,3,SKU-1014,Agua Saborizada 500ml,Bebidas,Activo,8239.544034220507,0.8360309416060853,6888.5137573341735,1,False,0.0,1.690721649484536,1.0,6888.5137573341735,6888.5137573341735,0.08,7439.594857920908,0.0,0.0,6888.5137573341735,False,7002.0,6842.0,7039.0,-2.1378923521214177
2026-03-01,3,SKU-1015,Bebida Isotonica 600ml,Bebidas,Activo,5802.684360827108,1.1872515547453806,6889.246029088689,1,False,0.0,1.6883561643835616,1.0,6889.246029088689,6889.246029088689,0.08,7440.3857114157845,0.0,0.0,6889.246029088689,False,7726.0,6937.0,6722.0,2.488039706764189
2026-03-01,3,SKU-1016,Te Helado 1.5L,Bebidas,Activo,3037.0150902677233,0.8485202893639627,2576.96892319669,2,True,0.14814814814814814,1.5667870036101084,1.0839684449792752,2793.3529964374334,2793.3529964374334,0.08,3016.8212361524284,0.0,0.0,2793.3529964374334,False,2928.0,2541.0,3110.0,-10.18157567725294
2026-03-01,3,SKU-1017,Nectar Durazno 1L,Bebidas,Activo,4105.272591656461,1.0927167819244852,4485.900255277639,2,True,0.07407407407407407,1.6616982440073014,1.0490146847412816,4705.775242070908,4705.775242070908,0.08,5082.23726143658,0.0,0.0,4705.775242070908,False,4607.0,5788.0,4241.0,10.959095545175845
2026-03-01,3,SKU-1018,Arroz Grano Largo 1kg,Despensa,Activo,10908.211013621123,1.1362138331013552,12394.060248064874,1,False,0.0,1.7129528844658684,1.0,12394.060248064874,12394.060248064874,0.08,13385.585067910064,0.0,0.0,12394.060248064874,False,12598.0,11109.0,15302.0,-19.003658031205894
2026-03-01,3,SKU-1019,Fideos Spaghetti 400g,Despensa,Activo,3641.221022956703,1.162064266811257,4231.332838339917,3,True,0.1111111111111111,1.8031651182739419,1.0892405686971047,4608.939387180105,4608.939387180105,0.08,4977.654538154514,0.0,0.0,4608.939387180105,False,4092.0,3947.0,4697.0,-1.8748267579283606
2026-03-01,3,SKU-1020,Aceite Vegetal 900ml,Despensa,Activo,13407.560341055967,0.827075854336963,11089.069423653247,2,True,0.1111111111111111,1.72162451140297,1.0801805012669967,11978.19656862629,11978.19656862629,0.08,12936.452294116394,0.0,0.0,11978.19656862629,False,8151.0,10624.0,11499.0,4.167289056668322
2026-03-01,3,SKU-1021,Azucar 1kg,Despensa,Pausado,0.0,1.2545800427507878,0.0,0,False,0.0,2.4424173318129987,1.0,0.0,0.0,0.08,0.0,0.0,0.0,0.0,True,6181.0,5852.0,6734.0,-100.0
2026-03-01,3,SKU-1022,Harina 1kg,Despensa,Activo,12794.154521131673,1.0385575936504743,13287.466332258848,1,False,0.0,1.733144863107313,1.0,13287.466332258848,13287.466332258848,0.08,14350.463638839556,0.0,0.0,13287.466332258848,False,13396.0,12456.0,15010.0,-11.475907180154243
2026-03-01,3,SKU-1023,Salsa Tomate 200g,Despensa,Activo,12064.334396064447,1.0571617731152856,12753.953141599219,1,False,0.0,1.5941085046692045,1.0,12753.953141599219,12753.953141599219,0.08,13774.269392927157,0.0,0.0,12753.953141599219,False,12569.0,11179.0,13576.0,-6.055147748974521
2026-03-01,3,SKU-1024,Atun Lomitos 160g,Despensa,Activo,11949.212686038616,1.0143585140787852,12120.7856246215,1,False,0.0,1.7532984293193716,1.0,12120.7856246215,12120.7856246215,0.08,13090.448474591221,0.0,0.0,12120.7856246215,False,10597.0,10935.0,11872.0,2.0955662451271895
2026-03-01,3,SKU-1025,Legumbres Mix 500g,Despensa,Activo,7383.381479854536,0.8214878972216267,6065.358526270806,1,False,0.0,1.7396449704142012,1.0,6065.358526270806,6065.358526270806,0.08,6550.587208372471,0.0,0.0,6065.358526270806,False,5296.0,5922.0,6125.0,-0.9737383465990956
2026-03-01,3,SKU-1007,Galleta Avena 180g,Galletas,Activo,10370.699220313321,1.1237336170557661,11653.903346240102,1,False,0.0,1.8868673503142575,1.0,11653.903346240102,11653.903346240102,0.08,12586.215613939312,0.0,0.0,11653.903346240102,False,8830.0,11175.0,11822.0,-1.4218969189637831
2026-03-01,3,SKU-1008,Galleta Chocolate 200g,Galletas,Activo,12890.559799648414,0.8100766392111431,10442.341360049453,1,False,0.0,1.8100584222042841,1.0,10442.341360049453,10442.341360049453,0.08,11277.72866885341,0.0,0.0,10442.341360049453,False,7558.0,10001.0,9846.0,6.056686573729975
2026-03-01,3,SKU-1009,Galleta Salada 150g,Galletas,Activo,12464.112981030852,0.8810928369786412,10982.040666878782,2,True,0.14814814814814814,1.7821671358843614,1.115876612723609,12254.60234014962,12254.60234014962,0.08,13234.970527361591,0.0,0.0,12254.60234014962,False,10250.0,14535.0,13634.0,-10.117336510564613
2026-03-01,3,SKU-1010,Barra Cereal Pack 6,Galletas,Activo,8169.252813305955,0.9896642803606794,8084.817706564894,3,True,0.1111111111111111,1.6293423816448538,1.0699269312938726,8650.164198855342,8650.164198855342,0.08,9342.17733476377,0.0,0.0,8650.164198855342,False,9978.0,9013.0,8877.0,-2.5553205040515725
2026-03-01,3,SKU-1011,Snack Mix 120g,Galletas,Activo,10140.199785958148,1.0693121270329566,10843.03860166204,1,False,0.0,1.7718032524313152,1.0,10843.03860166204,10843.03860166204,0.08,11710.481689795004,0.0,0.0,10843.03860166204,False,11501.0,9675.0,9217.0,17.641733770880318
2026-03-01,3,SKU-1001,Yogurt Natural 1L,Lacteos,Activo,12306.463968531356,0.8368944381282353,10299.21124828942,1,False,0.0,1.9050386657544744,1.0,10299.21124828942,10299.21124828942,0.08,11123.148148152575,0.0,0.0,10299.21124828942,False,10713.0,11299.0,9806.25,5.027010817482935
2026-03-01,3,SKU-1002,Yogurt Frutado Pack 4,Lacteos,Activo,4448.196761255631,1.1704479657876041,5206.382850634662,2,True,0.1111111111111111,1.7203473106614469,1.0800385900734941,5623.094393382279,5623.094393382279,0.08,6072.9419448528615,0.0,0.0,5623.094393382279,False,5835.0,5026.0,6667.0,-15.657801209205358
2026-03-01,3,SKU-1003,Leche Entera 1L,Lacteos,Activo,3663.165957646297,0.9996013568856018,3661.7056617603835,2,True,0.14814814814814814,1.7639887438376745,1.1131835176055813,4076.1503889946966,4076.1503889946966,0.08,4402.242420114273,0.0,0.0,4076.1503889946966,False,3252.0,4242.0,3541.0,15.112973425436227
2026-03-01,3,SKU-1004,Leche Descremada 1L,Lacteos,Activo,5704.585000851087,0.8743569944400911,4987.843795872181,1,False,0.0,1.7585227272727273,1.0,4987.843795872181,4987.843795872181,0.08,5386.8712995419555,0.0,0.0,4987.843795872181,False,4789.0,4884.0,4898.0,1.8342955465941335
2026-03-01,3,SKU-1005,Queso Untable 250g,Lacteos,Activo,4447.8668566142305,0.7782070549291086,3461.361367202552,2,True,0.1111111111111111,1.5603271983640081,1.062258577596001,3676.860802470332,3676.860802470332,0.08,3971.0096666679588,0.0,0.0,3676.860802470332,False,3287.0,3453.0,3733.0,-1.5038627787213432
2026-03-01,3,SKU-1006,Manjar 400g,Lacteos,Activo,5212.982569886166,0.8742114476671475,4557.249039083792,2,True,0.1111111111111111,1.7712687161651397,1.085696524018349,4947.789440819234,4947.789440819234,0.08,5343.612596084773,0.0,0.0,4947.789440819234,False,4288.0,4829.0,6820.0,-27.451767729923247
2026-04-01,4,SKU-1012,Jugo Naranja 1L,Bebidas,Activo,8621.325069420065,0.9672947367071223,8339.362363091195,2,True,0.1111111111111111,1.675392670157068,1.075043630017452,8965.178386848474,8965.178386848474,0.08,9682.392657796354,0.0,0.0,8965.178386848474,False,7948.0,8280.0,8779.0,2.1207243062817405
2026-04-01,4,SKU-1013,Jugo Manzana 1L,Bebidas,Activo,10344.166433122093,0.9681997774495827,10015.219638450255,1,False,0.0,1.6965448589199297,1.0,10015.219638450255,10015.219638450255,0.08,10816.437209526275,0.0,0.0,10015.219638450255,False,11071.0,11732.0,10908.0,-8.18463844471713
2026-04-01,4,SKU-1014,Agua Saborizada 500ml,Bebidas,Activo,8239.544034220507,1.0008889476933633,8246.868557884094,1,False,0.0,1.690721649484536,1.0,8246.868557884094,8246.868557884094,0.08,8906.618042514821,0.0,0.0,8246.868557884094,False,7475.0,8078.0,10188.0,-19.053115843304923
2026-04-01,4,SKU-1015,Bebida Isotonica 600ml,Bebidas,Activo,5802.684360827108,0.995082706400036,5774.150858157002,1,False,0.0,1.6883561643835616,1.0,5774.150858157002,5774.150858157002,0.08,6236.082926809563,0.0,0.0,5774.150858157002,False,6282.0,5743.0,5368.0,7.566148624385294
2026-04-01,4,SKU-1016,Te Helado 1.5L,Bebidas,Activo,3037.0150902677233,1.0044517942864524,3050.5352566944466,2,True,0.07407407407407407,1.5667870036101084,1.0419842224896376,3178.60960762399,3178.60960762399,0.08,3432.8983762339094,0.0,0.0,3178.60960762399,False,3185.0,2945.0,3363.0,-5.482913838121018
2026-04-01,4,SKU-1017,Nectar Durazno 1L,Bebidas,Activo,4105.272591656461,1.093842904821576,4490.523296741903,0,False,0.0,1.6616982440073014,1.0,4490.523296741903,4490.523296741903,0.08,4849.765160481256,0.0,0.0,4490.523296741903,False,4085.0,4517.0,4575.0,-1.8464853171168638
2026-04-01,4,SKU-1018,Arroz Grano Largo 1kg,Despensa,Activo,10908.211013621123,1.0419056823542932,11365.327039411532,0,False,0.0,1.7129528844658684,1.0,11365.327039411532,11365.327039411532,0.08,12274.553202564455,0.0,0.0,11365.327039411532,False,12651.0,10714.0,11373.0,-0.06746646081481344
2026-04-01,4,SKU-1019,Fideos Spaghetti 400g,Despensa,Activo,3641.221022956703,0.9973616426812397,3631.6141808215616,0,False,0.0,1.8031651182739419,1.0,3631.6141808215616,3631.6141808215616,0.08,3922.143315287287,0.0,0.0,3631.6141808215616,False,3104.0,3416.0,3407.0,6.592726176153851
2026-04-01,4,SKU-1020,Aceite Vegetal 900ml,Despensa,Activo,13407.560341055967,0.9181965370427289,12310.775475349017,1,False,0.0,1.72162451140297,1.0,12310.775475349017,12310.775475349017,0.08,13295.63751337694,0.0,0.0,12310.775475349017,False,11017.0,12267.0,10917.0,12.767019101850474
2026-04-01,4,SKU-1021,Azucar 1kg,Despensa,Pausado,0.0,1.3143336530366536,0.0,1,False,0.0,2.4424173318129987,1.0,0.0,0.0,0.08,0.0,0.0,0.0,0.0,True,6292.0,6376.0,7271.0,-100.0
2026-04-01,4,SKU-1022,Harina 1kg,Despensa,Activo,12794.154521131673,1.0023063484511743,12823.66229959557,1,False,0.0,1.733144863107313,1.0,12823.66229959557,12823.66229959557,0.08,13849.555283563215,0.0,0.0,12823.66229959557,False,13662.0,12776.0,12473.0,2.8113709580338986
2026-04-01,4,SKU-1023,Salsa Tomate 200g,Despensa,Activo,12064.334396064447,1.037847757078355,12520.942393598738,1,False,0.0,1.5941085046692045,1.0,12520.942393598738,12520.942393598738,0.08,13522.617785086637,0.0,0.0,12520.942393598738,False,11725.0,12363.0,14413.0,-13.127437774240358
2026-04-01,4,SKU-1024,Atun Lomitos 160g,Despensa,Activo,11949.212686038616,0.9500071348212169,11351.837307232883,1,False,0.0,1.7532984293193716,1.0,11351.837307232883,11351.837307232883,0.08,12259.984291811516,0.0,0.0,11351.837307232883,False,9133.0,10566.0,11301.0,0.4498478650817095
2026-04-01,4,SKU-1025,Legumbres Mix 500g,Despensa,Activo,7383.381479854536,0.9584558423328238,7076.64511553855,3,True,0.1111111111111111,1.7396449704142012,1.0821827744904668,7658.223445217919,7658.223445217919,0.08,8270.881320835353,0.0,0.0,7658.223445217919,False,6688.0,7518.0,7159.0,6.973368420420711
2026-04-01,4,SKU-1007,Galleta Avena 180g,Galletas,Activo,10370.699220313321,1.0266552697715088,10647.133005749949,3,True,0.14814814814814814,1.8868673503142575,1.1313877556021121,12046.035914972605,12046.035914972605,0.08,13009.718788170414,0.0,0.0,12046.035914972605,False,8902.0,9966.0,13434.0,-10.33172610560812
2026-04-01,4,SKU-1008,Galleta Chocolate 200g,Galletas,Activo,12890.559799648414,0.9765717681754916,12588.556776314563,0,False,0.0,1.8100584222042841,1.0,12588.556776314563,12588.556776314563,0.08,13595.641318419728,0.0,0.0,12588.556776314563,False,9374.0,10711.0,11327.0,11.137607277430583
2026-04-01,4,SKU-1009,Galleta Salada 150g,Galletas,Activo,12464.112981030852,0.9735584904600738,12134.543018736207,1,False,0.0,1.7821671358843614,1.0,12134.543018736207,12134.543018736207,0.08,13105.306460235104,0.0,0.0,12134.543018736207,False,10833.0,12313.0,14925.0,-18.69652918769711
2026-04-01,4,SKU-1010,Barra Cereal Pack 6,Galletas,Activo,8169.252813305955,1.065220486570305,8702.055456705602,2,True,0.07407407407407407,1.6293423816448538,1.046617954195915,9107.727479396617,9107.727479396617,0.08,9836.345677748348,0.0,0.0,9107.727479396617,False,10181.0,10232.0,8707.0,4.602359933348077
2026-04-01,4,SKU-1011,Snack Mix 120g,Galletas,Activo,10140.199785958148,1.022722625315045,10370.611746314175,2,True,0.14814814814814814,1.7718032524313152,1.114341222582417,11556.400172315312,11556.400172315312,0.08,12480.912186100539,0.0,0.0,11556.400172315312,False,8404.0,11425.0,11822.0,-2.246657314199696
2026-04-01,4,SKU-1001,Yogurt Natural 1L,Lacteos,Activo,12306.463968531356,1.0686352336661444,13151.120998615494,1,False,0.0,1.9050386657544744,1.0,13151.120998615494,13151.120998615494,0.08,14203.210678504734,0.0,0.0,13151.120998615494,False,13923.0,14414.0,13346.0,-1.4602053153342287
2026-04-01,4,SKU-1002,Yogurt Frutado Pack 4,Lacteos,Activo,4448.196761255631,0.9645119057740833,4290.338735456774,2,True,0.1111111111111111,1.7203473106614469,1.0800385900734941,4633.731398780432,4633.731398780432,0.08,5004.429910682867,0.0,0.0,4633.731398780432,False,4928.0,4779.0,4636.0,-0.04893445253598694
2026-04-01,4,SKU-1003,Leche Entera 1L,Lacteos,Activo,3663.165957646297,1.0116892922049443,3705.9857749204293,1,False,0.0,1.7639887438376745,1.0,3705.9857749204293,3705.9857749204293,0.08,4002.4646369140637,0.0,0.0,3705.9857749204293,False,2949.0,3694.0,3855.0,-3.8654792497943125
2026-04-01,4,SKU-1004,Leche Descremada 1L,Lacteos,Activo,5704.585000851087,0.9551968052685431,5449.001368195808,1,False,0.0,1.7585227272727273,1.0,5449.001368195808,5449.001368195808,0.08,5884.921477651473,0.0,0.0,5449.001368195808,False,6529.0,5306.0,5098.0,6.8850797998393
2026-04-01,4,SKU-1005,Queso Untable 250g,Lacteos,Activo,4447.8668566142305,0.9951204625737824,4426.163323820549,1,False,0.0,1.5603271983640081,1.0,4426.163323820549,4426.163323820549,0.08,4780.2563897261925,0.0,0.0,4426.163323820549,False,4354.5,4032.0,4321.0,2.433772826210334
2026-04-01,4,SKU-1006,Manjar 400g,Lacteos,Activo,5212.982569886166,0.9716451201548433,5065.1690754821475,0,False,0.0,1.7712687161651397,1.0,5065.1690754821475,5065.1690754821475,0.08,5470.38260152072,0.0,0.0,5065.1690754821475,False,4972.0,5096.75,4792.0,5.700523278008096
2026-05-01,5,SKU-1012,Jugo Naranja 1L,Bebidas,Activo,8621.325069420065,1.1107168162894654,9575.850733302808,0,False,0.0,1.675392670157068,1.0,9575.850733302808,9575.850733302808,0.08,10341.918791967033,0.0,0.0,9575.850733302808,False,9587.0,7910.0,9706.0,-1.3409155851760945
2026-05-01,5,SKU-1013,Jugo Manzana 1L,Bebidas,Activo,10344.166433122093,1.2325450780752305,12749.65142393565,1,False,0.0,1.6965448589199297,1.0,12749.65142393565,12749.65142393565,0.08,13769.623537850503,0.0,0.0,12749.65142393565,False,14408.0,14349.0,16761.0,-23.932632754992845
2026-05-01,5,SKU-1014,Agua Saborizada 500ml,Bebidas,Activo,8239.544034220507,1.140435547146967,9396.668908907792,2,True,0.07407407407407407,1.690721649484536,1.0511645666284841,9877.44540138341,9877.44540138341,0.08,10667.641033494083,0.0,0.0,9877.44540138341,False,9712.0,10277.0,8869.0,11.370452152254028
2026-05-01,5,SKU-1015,Bebida Isotonica 600ml,Bebidas,Activo,5802.684360827108,0.8948309290640925,5192.4214376646005,2,True,0.07407407407407407,1.6883561643835616,1.0509893455098935,5457.179608382659,5457.179608382659,0.08,5893.753977053272,0.0,0.0,5457.179608382659,False,4520.0,5830.0,5948.0,-8.251855945146946
2026-05-01,5,SKU-1016,Te Helado 1.5L,Bebidas,Activo,3037.0150902677233,1.1857347762538146,3601.0944085380575,2,True,0.1111111111111111,1.5667870036101084,1.0629763337344564,3827.878131819435,3827.878131819435,0.08,4134.108382364991,0.0,0.0,3827.878131819435,False,3666.0,4211.0,3775.0,1.4007452137598797
2026-05-01,5,SKU-1017,Nectar Durazno 1L,Bebidas,Activo,4105.272591656461,1.039788862597242,4268.616718730104,1,False,0.0,1.6616982440073014,1.0,4268.616718730104,4268.616718730104,0.08,4610.106056228513,0.0,0.0,4268.616718730104,False,4281.0,4228.0,4247.0,0.5089879616224202
2026-05-01,5,SKU-1018,Arroz Grano Largo 1kg,Despensa,Activo,10908.211013621123,0.8674949633524343,9462.818113501877,1,False,0.0,1.7129528844658684,1.0,9462.818113501877,9462.818113501877,0.08,10219.843562582028,0.0,0.0,9462.818113501877,False,9608.0,9395.0,10151.0,-6.779449182328079
2026-05-01,5,SKU-1019,Fideos Spaghetti 400g,Despensa,Activo,3641.221022956703,0.8071706116178431,2939.0866001357103,1,False,0.0,1.8031651182739419,1.0,2939.0866001357103,2939.0866001357103,0.08,3174.2135281465676,0.0,0.0,2939.0866001357103,False,2831.0,2710.0,2807.0,4.705614539925551
2026-05-01,5,SKU-1020,Aceite Vegetal 900ml,Despensa,Activo,13407.560341055967,1.1524467565349927,15451.49942809715,2,True,0.07407407407407407,1.72162451140297,1.053453667511331,16277.438741078176,16277.438741078176,0.08,17579.633840364433,0.0,0.0,16277.438741078176,False,11450.0,14263.0,16829.0,-3.2774452369233043
2026-05-01,5,SKU-1021,Azucar 1kg,Despensa,Pausado,0.0,1.175591109802008,0.0,2,True,0.0,2.4424173318129987,1.0,0.0,0.0,0.08,0.0,0.0,0.0,0.0,True,6246.0,5926.0,7569.0,-100.0
2026-05-01,5,SKU-1022,Harina 1kg,Despensa,Activo,12794.154521131673,1.0308973724262076,13189.460278249526,2,True,0.07407407407407407,1.733144863107313,1.054307026896838,13905.740652335198,13905.740652335198,0.08,15018.199904522015,0.0,0.0,13905.740652335198,False,14545.0,12778.0,13454.0,3.3576679971398793
2026-05-01,5,SKU-1023,Salsa Tomate 200g,Despensa,Activo,12064.334396064447,1.0872638538239254,13117.11470928557,1,False,0.0,1.5941085046692045,1.0,13117.11470928557,13117.11470928557,0.08,14166.483886028416,0.0,0.0,13117.11470928557,False,12019.0,14213.0,13045.0,0.5528149427793894
2026-05-01,5,SKU-1024,Atun Lomitos 160g,Despensa,Activo,11949.212686038616,1.0467971980792603,12508.402358998375,3,True,0.18518518518518517,1.7532984293193716,1.1394997091332169,14253.320849799893,14253.320849799893,0.08,15393.586517783886,0.0,0.0,14253.320849799893,False,10503.0,12252.0,17458.0,-18.356507905831755
2026-05-01,5,SKU-1025,Legumbres Mix 500g,Despensa,Activo,7383.381479854536,1.12758980809161,8325.425705936324,2,True,0.07407407407407407,1.7396449704142012,1.054788516326978,8781.563428155057,8781.563428155057,0.08,9484.088502407463,0.0,0.0,8781.563428155057,False,7376.0,8098.0,8953.0,-1.9148505734942756
2026-05-01,5,SKU-1007,Galleta Avena 180g,Galletas,Activo,10370.699220313321,0.8505672735732135,8820.977360869752,1,False,0.0,1.8868673503142575,1.0,8820.977360869752,8820.977360869752,0.08,9526.655549739333,0.0,0.0,8820.977360869752,False,7283.0,7659.0,8858.0,-0.41795709110687973
2026-05-01,5,SKU-1008,Galleta Chocolate 200g,Galletas,Activo,12890.559799648414,1.143674918089817,14742.609922994787,1,False,0.0,1.8100584222042841,1.0,14742.609922994787,14742.609922994787,0.08,15922.018716834371,0.0,0.0,14742.609922994787,False,10243.0,14163.0,13545.0,8.841712240640721
2026-05-01,5,SKU-1009,Galleta Salada 150g,Galletas,Activo,12464.112981030852,1.1066911036892235,13793.922951484212,2,True,0.07407407407407407,1.7821671358843614,1.0579383063618046,14593.119485378433,14593.119485378433,0.08,15760.569044208709,0.0,0.0,14593.119485378433,False,14265.0,15757.0,14187.0,2.8626170816834717
2026-05-01,5,SKU-1010,Barra Cereal Pack 6,Galletas,Activo,8169.252813305955,1.0299069404548389,8413.570170754021,1,False,0.0,1.6293423816448538,1.0,8413.570170754021,8413.570170754021,0.08,9086.655784414343,0.0,0.0,8413.570170754021,False,9066.0,9513.0,8932.5,-5.809457926067497
2026-05-01,5,SKU-1011,Snack Mix 120g,Galletas,Activo,10140.199785958148,1.073727054080361,10887.80684396315,2,True,0.07407407407407407,1.7718032524313152,1.0571706112912085,11510.269416853127,11510.269416853127,0.08,12431.090970201378,0.0,0.0,11510.269416853127,False,11612.0,11988.0,8914.0,29.125750693887454
2026-05-01,5,SKU-1001,Yogurt Natural 1L,Lacteos,Activo,12306.463968531356,1.1681764677637765,14376.121609421147,1,False,0.0,1.9050386657544744,1.0,14376.121609421147,14376.121609421147,0.08,15526.21133817484,0.0,0.0,14376.121609421147,False,14213.0,18312.75,15571.0,-7.673742152583996
2026-05-01,5,SKU-1002,Yogurt Frutado Pack 4,Lacteos,Activo,4448.196761255631,0.813540181799486,3618.7868018317904,2,True,0.07407407407407407,1.7203473106614469,1.0533590600489962,3811.8818640952477,3811.8818640952477,0.08,4116.832413222868,0.0,0.0,3811.8818640952477,False,3504.0,4002.0,3694.0,3.191171199113363
2026-05-01,5,SKU-1003,Leche Entera 1L,Lacteos,Activo,3663.165957646297,1.017504662515712,3727.2884414739406,1,False,0.0,1.7639887438376745,1.0,3727.2884414739406,3727.2884414739406,0.08,4025.471516791856,0.0,0.0,3727.2884414739406,False,3365.0,3925.0,3529.0,5.61882803836613
2026-05-01,5,SKU-1004,Leche Descremada 1L,Lacteos,Activo,5704.585000851087,1.1436437780380604,6524.013142512589,3,True,0.14814814814814814,1.7585227272727273,1.1123737373737375,7257.1408820121105,7257.1408820121105,0.08,7837.71215257308,0.0,0.0,7257.1408820121105,False,6909.0,6356.0,6871.0,5.619864386728435
2026-05-01,5,SKU-1005,Queso Untable 250g,Lacteos,Activo,4447.8668566142305,1.178249007278511,5240.694708312709,1,False,0.0,1.5603271983640081,1.0,5240.694708312709,5240.694708312709,0.08,5659.9502849777255,0.0,0.0,5240.694708312709,False,4618.0,5229.0,5145.0,1.8599554579729505
2026-05-01,5,SKU-1006,Manjar 400g,Lacteos,Activo,5212.982569886166,1.1982834243702236,6246.630605025483,2,True,0.1111111111111111,1.7712687161651397,1.085696524018349,6781.945134702803,6781.945134702803,0.08,7324.500745479028,0.0,0.0,6781.945134702803,False,5944.0,7086.0,6980.0,-2.8374622535415006
2026-06-01,6,SKU-1012,Jugo Naranja 1L,Bebidas,Activo,8621.325069420065,1.2175396835337824,10496.80539666357,1,False,0.0,1.675392670157068,1.0,10496.80539666357,10496.80539666357,0.08,11336.549828396657,0.0,0.0,10496.80539666357,False,9413.0,9899.0,11018.0,-4.730392115959603
2026-06-01,6,SKU-1013,Jugo Manzana 1L,Bebidas,Activo,10344.166433122093,1.307071881548343,13520.569082790107,0,False,0.0,1.6965448589199297,1.0,13520.569082790107,13520.569082790107,0.08,14602.214609413317,0.0,0.0,13520.569082790107,False,15387.0,13977.0,15350.0,-11.918116724494421
2026-06-01,6,SKU-1014,Agua Saborizada 500ml,Bebidas,Activo,8239.544034220507,1.3300603229008594,10959.090598711178,2,True,0.1111111111111111,1.690721649484536,1.0767468499427262,11800.166280399206,11800.166280399206,0.08,12744.179582831142,0.0,0.0,11800.166280399206,False,9711.0,10742.0,15330.0,-23.02566027136852
2026-06-01,6,SKU-1015,Bebida Isotonica 600ml,Bebidas,Activo,5802.684360827108,0.7537763437738045,4373.926201577694,3,True,0.14814814814814814,1.6883561643835616,1.1019786910197868,4819.9734702317355,4819.9734702317355,0.08,5205.571347850275,0.0,0.0,4819.9734702317355,False,4547.0,4981.0,5313.0,-9.279626007307817
2026-06-01,6,SKU-1016,Te Helado 1.5L,Bebidas,Activo,3037.0150902677233,1.2848873926461608,3902.22240076114,1,False,0.0,1.5667870036101084,1.0,3902.22240076114,3902.22240076114,0.08,4214.400192822031,0.0,0.0,3902.22240076114,False,3869.0,3737.0,4546.0,-14.161407814317206
2026-06-01,6,SKU-1017,Nectar Durazno 1L,Bebidas,Activo,4105.272591656461,1.0118745837326302,4154.020994791358,2,True,0.07407407407407407,1.6616982440073014,1.0490146847412816,4357.6290242597215,4357.6290242597215,0.08,4706.239346200499,0.0,0.0,4357.6290242597215,False,4051.0,3933.0,4509.0,-3.3570852903144432
2026-06-01,6,SKU-1018,Arroz Grano Largo 1kg,Despensa,Activo,10908.211013621123,0.7671188880254932,8367.894703116473,2,True,0.07407407407407407,1.7129528844658684,1.0528113247752495,8809.814307967848,8809.814307967848,0.08,9514.599452605276,0.0,0.0,8809.814307967848,False,9659.0,7822.0,8979.0,-1.884237576925618
2026-06-01,6,SKU-1019,Fideos Spaghetti 400g,Despensa,Activo,3641.221022956703,0.736289700261501,2680.993535578667,2,True,0.07407407407407407,1.8031651182739419,1.0594937124647363,2840.495794104201,2840.495794104201,0.08,3067.7354576325374,0.0,0.0,2840.495794104201,False,2347.5,2316.0,3028.0,-6.192344976743691
2026-06-01,6,SKU-1020,Aceite Vegetal 900ml,Despensa,Activo,13407.560341055967,1.2653299797768938,16964.98805520583,1,False,0.0,1.72162451140297,1.0,16964.98805520583,16964.98805520583,0.08,18322.1870996223,0.0,0.0,16964.98805520583,False,13869.0,15370.0,15907.0,6.651084775292837
2026-06-01,6,SKU-1021,Azucar 1kg,Despensa,Pausado,0.0,1.2078997905623072,0.0,1,False,0.0,2.4424173318129987,1.0,0.0,0.0,0.08,0.0,0.0,0.0,0.0,True,5915.0,5911.0,7653.0,-100.0
2026-06-01,6,SKU-1022,Harina 1kg,Despensa,Activo,12794.154521131673,1.0080844430684122,12897.58813496623,1,False,0.0,1.733144863107313,1.0,12897.58813496623,12897.58813496623,0.08,13929.39518576353,0.0,0.0,12897.58813496623,False,12251.0,13503.0,15084.0,-14.494907617566755
2026-06-01,6,SKU-1023,Salsa Tomate 200g,Despensa,Activo,12064.334396064447,0.9401208884081552,11341.932770481173,0,False,0.0,1.5941085046692045,1.0,11341.932770481173,11341.932770481173,0.08,12249.287392119668,0.0,0.0,11341.932770481173,False,10403.0,11183.0,11392.0,-0.43949464114139136
2026-06-01,6,SKU-1024,Atun Lomitos 160g,Despensa,Activo,11949.212686038616,1.0659084590466428,12736.766880996016,1,False,0.0,1.7532984293193716,1.0,12736.766880996016,12736.766880996016,0.08,13755.708231475699,0.0,0.0,12736.766880996016,False,10485.0,11124.0,14385.0,-11.457998741772569
2026-06-01,6,SKU-1025,Legumbres Mix 500g,Despensa,Activo,7383.381479854536,1.309500398313935,9668.540988773246,1,False,0.0,1.7396449704142012,1.0,9668.540988773246,9668.540988773246,0.08,10442.024267875106,0.0,0.0,9668.540988773246,False,8749.0,9008.0,9790.0,-1.24064362846531
2026-06-01,6,SKU-1007,Galleta Avena 180g,Galletas,Activo,10370.699220313321,0.6720253428648233,6969.372699279015,2,True,0.1111111111111111,1.8868673503142575,1.0985408167015842,7656.140376963694,7656.140376963694,0.08,8268.63160712079,0.0,0.0,7656.140376963694,False,5905.0,6287.0,6810.0,12.424968824723837
2026-06-01,6,SKU-1008,Galleta Chocolate 200g,Galletas,Activo,12890.559799648414,1.287492415616822,16596.497975102433,2,True,0.1111111111111111,1.8100584222042841,1.0900064913560317,18090.290526638888,18090.290526638888,0.08,19537.51376877,0.0,0.0,18090.290526638888,False,12206.0,14497.0,18616.0,-2.8239658001778634
2026-06-01,6,SKU-1009,Galleta Salada 150g,Galletas,Activo,12464.112981030852,1.2728003723927768,15864.327643801711,1,False,0.0,1.7821671358843614,1.0,15864.327643801711,15864.327643801711,0.08,17133.47385530585,0.0,0.0,15864.327643801711,False,16278.0,16282.0,17480.0,-9.242976866122932
2026-06-01,6,SKU-1010,Barra Cereal Pack 6,Galletas,Activo,8169.252813305955,1.0355046569282842,8459.299331802804,0,False,0.0,1.6293423816448538,1.0,8459.299331802804,8459.299331802804,0.08,9136.04327834703,0.0,0.0,8459.299331802804,False,9401.0,8877.0,8637.0,-2.0574350839087208
2026-06-01,6,SKU-1011,Snack Mix 120g,Galletas,Activo,10140.199785958148,1.012389803257485,10265.83486629776,3,True,0.14814814814814814,1.7718032524313152,1.114341222582417,11439.642975739449,11439.642975739449,0.08,12354.814413798606,0.0,0.0,11439.642975739449,False,10873.0,8469.0,10969.0,4.290664379063269
2026-06-01,6,SKU-1001,Yogurt Natural 1L,Lacteos,Activo,12306.463968531356,1.2967772780997002,15958.742848144127,1,False,0.0,1.9050386657544744,1.0,15958.742848144127,15958.742848144127,0.08,17235.442275995658,0.0,0.0,15958.742848144127,False,16735.0,16660.0,15769.0,1.2032649384496663
2026-06-01,6,SKU-1002,Yogurt Frutado Pack 4,Lacteos,Activo,4448.196761255631,0.68356095934328,3040.61364547157,0,False,0.0,1.7203473106614469,1.0,3040.61364547157,3040.61364547157,0.08,3283.862737109296,0.0,0.0,3040.61364547157,False,2889.0,3186.0,2925.0,3.9526032639852993
2026-06-01,6,SKU-1003,Leche Entera 1L,Lacteos,Activo,3663.165957646297,1.0075995878093522,3691.00450900166,1,False,0.0,1.7639887438376745,1.0,3691.00450900166,3691.00450900166,0.08,3986.2848697217933,0.0,0.0,3691.00450900166,False,2914.0,3657.0,4178.0,-11.656186955441362
2026-06-01,6,SKU-1004,Leche Descremada 1L,Lacteos,Activo,5704.585000851087,1.2488769612589767,7124.324781106443,1,False,0.0,1.7585227272727273,1.0,7124.324781106443,7124.324781106443,0.08,7694.270763594959,0.0,0.0,7124.324781106443,False,6497.0,6988.0,8419.0,-15.378016615911116
2026-06-01,6,SKU-1005,Queso Untable 250g,Lacteos,Activo,4447.8668566142305,1.2520077104821659,5568.7635996790905,1,False,0.0,1.5603271983640081,1.0,5568.7635996790905,5568.7635996790905,0.08,6014.264687653418,0.0,0.0,5568.7635996790905,False,4806.0,4996.0,7010.0,-20.559720404007265
2026-06-01,6,SKU-1006,Manjar 400g,Lacteos,Activo,5212.982569886166,1.2394061469074718,6461.002640838423,0,False,0.0,1.7712687161651397,1.0,6461.002640838423,6461.002640838423,0.08,6977.8828521054975,0.0,0.0,6461.002640838423,False,6324.0,6709.0,5923.0,9.083279433368618
